2026-08-19 06:04:46 | INFO | model_worker | args: Namespace(host='0.0.0.0', port=40000, worker_address='http://localhost:40000', controller_address='http://localhost:10000', model_name='LLaMA-Omni2-7B-Bilingual', model_path='models/LLaMA-Omni2-7B-Bilingual/', limit_model_concurrency=5, stream_interval=1, no_register=False)
2026-08-19 06:04:50 | ERROR | stderr | Loading checkpoint shards:   0%|                                                                                             | 0/4 [00:00<?, ?it/s]
2026-08-19 06:04:50 | ERROR | stderr | Loading checkpoint shards:  50%|██████████████████████████████████████████▌                                          | 2/4 [00:00<00:00, 11.99it/s]
2026-08-19 06:04:50 | ERROR | stderr | Loading checkpoint shards: 100%|█████████████████████████████████████████████████████████████████████████████████████| 4/4 [00:00<00:00,  9.72it/s]
2026-08-19 06:04:50 | ERROR | stderr | Loading checkpoint shards: 100%|█████████████████████████████████████████████████████████████████████████████████████| 4/4 [00:00<00:00,  9.99it/s]
2026-08-19 06:04:50 | ERROR | stderr | 
2026-08-19 06:04:53 | INFO | model_worker | Register to controller
2026-08-19 06:04:53 | ERROR | stderr | [32mINFO[0m:     Started server process [[36m95643[0m]
2026-08-19 06:04:53 | ERROR | stderr | [32mINFO[0m:     Waiting for application startup.
2026-08-19 06:04:53 | ERROR | stderr | [32mINFO[0m:     Application startup complete.
2026-08-19 06:04:53 | ERROR | stderr | [32mINFO[0m:     Uvicorn running on [1mhttp://0.0.0.0:40000[0m (Press CTRL+C to quit)
2026-08-19 06:05:08 | INFO | model_worker | Send heart beat. Models: ['LLaMA-Omni2-7B-Bilingual']. Semaphore: None. global_counter: 0
2026-08-19 06:05:09 | INFO | stdout | [32mINFO[0m:     127.0.0.1:36140 - "[1mPOST /worker_get_status HTTP/1.1[0m" [32m200 OK[0m
2026-08-19 06:05:23 | INFO | model_worker | Send heart beat. Models: ['LLaMA-Omni2-7B-Bilingual']. Semaphore: None. global_counter: 0
2026-08-19 06:05:38 | INFO | model_worker | Send heart beat. Models: ['LLaMA-Omni2-7B-Bilingual']. Semaphore: None. global_counter: 0
2026-08-19 06:05:53 | INFO | model_worker | Send heart beat. Models: ['LLaMA-Omni2-7B-Bilingual']. Semaphore: None. global_counter: 0
2026-08-19 06:06:08 | INFO | model_worker | Send heart beat. Models: ['LLaMA-Omni2-7B-Bilingual']. Semaphore: None. global_counter: 0
2026-08-19 06:06:23 | INFO | model_worker | Send heart beat. Models: ['LLaMA-Omni2-7B-Bilingual']. Semaphore: None. global_counter: 0
2026-08-19 06:06:38 | INFO | model_worker | Send heart beat. Models: ['LLaMA-Omni2-7B-Bilingual']. Semaphore: None. global_counter: 0
2026-08-19 06:06:43 | INFO | stdout | [32mINFO[0m:     127.0.0.1:41304 - "[1mPOST /worker_get_status HTTP/1.1[0m" [32m200 OK[0m
2026-08-19 06:06:53 | INFO | model_worker | Send heart beat. Models: ['LLaMA-Omni2-7B-Bilingual']. Semaphore: None. global_counter: 0
2026-08-19 06:07:08 | INFO | model_worker | Send heart beat. Models: ['LLaMA-Omni2-7B-Bilingual']. Semaphore: None. global_counter: 0
2026-08-19 06:07:23 | INFO | model_worker | Send heart beat. Models: ['LLaMA-Omni2-7B-Bilingual']. Semaphore: None. global_counter: 0
2026-08-19 06:07:38 | INFO | model_worker | Send heart beat. Models: ['LLaMA-Omni2-7B-Bilingual']. Semaphore: None. global_counter: 0
2026-08-19 06:07:53 | INFO | model_worker | Send heart beat. Models: ['LLaMA-Omni2-7B-Bilingual']. Semaphore: None. global_counter: 0
2026-08-19 06:08:08 | INFO | model_worker | Send heart beat. Models: ['LLaMA-Omni2-7B-Bilingual']. Semaphore: None. global_counter: 0
2026-08-19 06:08:23 | INFO | model_worker | Send heart beat. Models: ['LLaMA-Omni2-7B-Bilingual']. Semaphore: None. global_counter: 0
2026-08-19 06:08:38 | INFO | model_worker | Send heart beat. Models: ['LLaMA-Omni2-7B-Bilingual']. Semaphore: None. global_counter: 0
2026-08-19 06:08:53 | INFO | model_worker | Send heart beat. Models: ['LLaMA-Omni2-7B-Bilingual']. Semaphore: None. global_counter: 0
2026-08-19 06:09:08 | INFO | model_worker | Send heart beat. Models: ['LLaMA-Omni2-7B-Bilingual']. Semaphore: None. global_counter: 0
2026-08-19 06:09:09 | INFO | stdout | [32mINFO[0m:     127.0.0.1:59132 - "[1mPOST /worker_get_status HTTP/1.1[0m" [32m200 OK[0m
2026-08-19 06:09:23 | INFO | model_worker | Send heart beat. Models: ['LLaMA-Omni2-7B-Bilingual']. Semaphore: None. global_counter: 0
2026-08-19 06:09:38 | INFO | model_worker | Send heart beat. Models: ['LLaMA-Omni2-7B-Bilingual']. Semaphore: None. global_counter: 0
2026-08-19 06:09:53 | INFO | model_worker | Send heart beat. Models: ['LLaMA-Omni2-7B-Bilingual']. Semaphore: None. global_counter: 0
2026-08-19 06:10:08 | INFO | model_worker | Send heart beat. Models: ['LLaMA-Omni2-7B-Bilingual']. Semaphore: None. global_counter: 0
2026-08-19 06:10:12 | INFO | stdout | [32mINFO[0m:     127.0.0.1:36124 - "[1mPOST /worker_get_status HTTP/1.1[0m" [32m200 OK[0m
2026-08-19 06:10:23 | INFO | model_worker | Send heart beat. Models: ['LLaMA-Omni2-7B-Bilingual']. Semaphore: None. global_counter: 0
2026-08-19 06:10:38 | INFO | model_worker | Send heart beat. Models: ['LLaMA-Omni2-7B-Bilingual']. Semaphore: None. global_counter: 0
2026-08-19 06:10:53 | INFO | model_worker | Send heart beat. Models: ['LLaMA-Omni2-7B-Bilingual']. Semaphore: None. global_counter: 0
2026-08-19 06:11:08 | INFO | model_worker | Send heart beat. Models: ['LLaMA-Omni2-7B-Bilingual']. Semaphore: None. global_counter: 0
2026-08-19 06:11:23 | INFO | model_worker | Send heart beat. Models: ['LLaMA-Omni2-7B-Bilingual']. Semaphore: None. global_counter: 0
2026-08-19 06:11:38 | INFO | model_worker | Send heart beat. Models: ['LLaMA-Omni2-7B-Bilingual']. Semaphore: None. global_counter: 0
2026-08-19 06:11:53 | INFO | model_worker | Send heart beat. Models: ['LLaMA-Omni2-7B-Bilingual']. Semaphore: None. global_counter: 0
2026-08-19 06:11:55 | INFO | model_worker | Send heart beat. Models: ['LLaMA-Omni2-7B-Bilingual']. Semaphore: Semaphore(value=4, locked=False). global_counter: 1
2026-08-19 06:11:55 | INFO | stdout | [32mINFO[0m:     127.0.0.1:57264 - "[1mPOST /worker_generate_stream HTTP/1.1[0m" [32m200 OK[0m
2026-08-19 06:11:56 | ERROR | stderr | /DATA/hnc/conda_envs/llama-omni2/lib/python3.10/site-packages/transformers/generation/configuration_utils.py:567: UserWarning: `do_sample` is set to `False`. However, `temperature` is set to `0.0` -- this flag is only used in sample-based generation modes. You should set `do_sample=True` or unset `temperature`.
2026-08-19 06:11:56 | ERROR | stderr |   warnings.warn(
2026-08-19 06:11:56 | ERROR | stderr | /DATA/hnc/conda_envs/llama-omni2/lib/python3.10/site-packages/transformers/generation/configuration_utils.py:572: UserWarning: `do_sample` is set to `False`. However, `top_p` is set to `0.4` -- this flag is only used in sample-based generation modes. You should set `do_sample=True` or unset `top_p`.
2026-08-19 06:11:56 | ERROR | stderr |   warnings.warn(
2026-08-19 06:11:56 | ERROR | stderr | /DATA/hnc/conda_envs/llama-omni2/lib/python3.10/site-packages/transformers/generation/configuration_utils.py:589: UserWarning: `do_sample` is set to `False`. However, `top_k` is set to `20` -- this flag is only used in sample-based generation modes. You should set `do_sample=True` or unset `top_k`.
2026-08-19 06:11:56 | ERROR | stderr |   warnings.warn(
2026-08-19 06:11:56 | WARNING | transformers.generation.utils | The attention mask is not set and cannot be inferred from input because pad token is same as eos token.As a consequence, you may observe unexpected behavior. Please pass your input's `attention_mask` to obtain reliable results.
2026-08-19 06:11:56 | WARNING | transformers.generation.utils | The attention mask is not set and cannot be inferred from input because pad token is same as eos token.As a consequence, you may observe unexpected behavior. Please pass your input's `attention_mask` to obtain reliable results.
2026-08-19 06:12:06 | INFO | model_worker | Send heart beat. Models: ['LLaMA-Omni2-7B-Bilingual']. Semaphore: Semaphore(value=5, locked=False). global_counter: 1
2026-08-19 06:12:08 | INFO | model_worker | Send heart beat. Models: ['LLaMA-Omni2-7B-Bilingual']. Semaphore: Semaphore(value=5, locked=False). global_counter: 1
2026-08-19 06:12:23 | INFO | model_worker | Send heart beat. Models: ['LLaMA-Omni2-7B-Bilingual']. Semaphore: Semaphore(value=5, locked=False). global_counter: 1
2026-08-19 06:12:38 | INFO | model_worker | Send heart beat. Models: ['LLaMA-Omni2-7B-Bilingual']. Semaphore: Semaphore(value=5, locked=False). global_counter: 1
2026-08-19 06:12:53 | INFO | model_worker | Send heart beat. Models: ['LLaMA-Omni2-7B-Bilingual']. Semaphore: Semaphore(value=5, locked=False). global_counter: 1
2026-08-19 06:13:08 | INFO | model_worker | Send heart beat. Models: ['LLaMA-Omni2-7B-Bilingual']. Semaphore: Semaphore(value=5, locked=False). global_counter: 1
2026-08-19 06:13:23 | INFO | model_worker | Send heart beat. Models: ['LLaMA-Omni2-7B-Bilingual']. Semaphore: Semaphore(value=5, locked=False). global_counter: 1
2026-08-19 06:13:38 | INFO | model_worker | Send heart beat. Models: ['LLaMA-Omni2-7B-Bilingual']. Semaphore: Semaphore(value=5, locked=False). global_counter: 1
2026-08-19 06:13:53 | INFO | model_worker | Send heart beat. Models: ['LLaMA-Omni2-7B-Bilingual']. Semaphore: Semaphore(value=5, locked=False). global_counter: 1
2026-08-19 06:14:08 | INFO | stdout | [32mINFO[0m:     127.0.0.1:52656 - "[1mPOST /worker_get_status HTTP/1.1[0m" [32m200 OK[0m
2026-08-19 06:14:08 | INFO | model_worker | Send heart beat. Models: ['LLaMA-Omni2-7B-Bilingual']. Semaphore: Semaphore(value=5, locked=False). global_counter: 1
2026-08-19 06:14:23 | INFO | model_worker | Send heart beat. Models: ['LLaMA-Omni2-7B-Bilingual']. Semaphore: Semaphore(value=5, locked=False). global_counter: 1
2026-08-19 06:14:28 | INFO | model_worker | Send heart beat. Models: ['LLaMA-Omni2-7B-Bilingual']. Semaphore: Semaphore(value=4, locked=False). global_counter: 2
2026-08-19 06:14:28 | INFO | stdout | [32mINFO[0m:     127.0.0.1:32902 - "[1mPOST /worker_generate_stream HTTP/1.1[0m" [32m200 OK[0m
2026-08-19 06:14:28 | ERROR | stderr | /DATA/hnc/conda_envs/llama-omni2/lib/python3.10/site-packages/transformers/generation/configuration_utils.py:567: UserWarning: `do_sample` is set to `False`. However, `temperature` is set to `0.0` -- this flag is only used in sample-based generation modes. You should set `do_sample=True` or unset `temperature`.
2026-08-19 06:14:28 | ERROR | stderr |   warnings.warn(
2026-08-19 06:14:28 | ERROR | stderr | /DATA/hnc/conda_envs/llama-omni2/lib/python3.10/site-packages/transformers/generation/configuration_utils.py:572: UserWarning: `do_sample` is set to `False`. However, `top_p` is set to `0.7` -- this flag is only used in sample-based generation modes. You should set `do_sample=True` or unset `top_p`.
2026-08-19 06:14:28 | ERROR | stderr |   warnings.warn(
2026-08-19 06:14:28 | ERROR | stderr | /DATA/hnc/conda_envs/llama-omni2/lib/python3.10/site-packages/transformers/generation/configuration_utils.py:589: UserWarning: `do_sample` is set to `False`. However, `top_k` is set to `20` -- this flag is only used in sample-based generation modes. You should set `do_sample=True` or unset `top_k`.
2026-08-19 06:14:28 | ERROR | stderr |   warnings.warn(
2026-08-19 06:14:36 | INFO | model_worker | Send heart beat. Models: ['LLaMA-Omni2-7B-Bilingual']. Semaphore: Semaphore(value=5, locked=False). global_counter: 2
2026-08-19 06:14:38 | INFO | model_worker | Send heart beat. Models: ['LLaMA-Omni2-7B-Bilingual']. Semaphore: Semaphore(value=5, locked=False). global_counter: 2
2026-08-19 06:14:53 | INFO | model_worker | Send heart beat. Models: ['LLaMA-Omni2-7B-Bilingual']. Semaphore: Semaphore(value=5, locked=False). global_counter: 2
2026-08-19 06:15:08 | INFO | model_worker | Send heart beat. Models: ['LLaMA-Omni2-7B-Bilingual']. Semaphore: Semaphore(value=5, locked=False). global_counter: 2
2026-08-19 06:15:23 | INFO | model_worker | Send heart beat. Models: ['LLaMA-Omni2-7B-Bilingual']. Semaphore: Semaphore(value=5, locked=False). global_counter: 2
2026-08-19 06:15:38 | INFO | model_worker | Send heart beat. Models: ['LLaMA-Omni2-7B-Bilingual']. Semaphore: Semaphore(value=5, locked=False). global_counter: 2
2026-08-19 06:15:53 | INFO | model_worker | Send heart beat. Models: ['LLaMA-Omni2-7B-Bilingual']. Semaphore: Semaphore(value=5, locked=False). global_counter: 2
2026-08-19 06:15:58 | INFO | model_worker | Send heart beat. Models: ['LLaMA-Omni2-7B-Bilingual']. Semaphore: Semaphore(value=4, locked=False). global_counter: 3
2026-08-19 06:15:58 | INFO | stdout | [32mINFO[0m:     127.0.0.1:47880 - "[1mPOST /worker_generate_stream HTTP/1.1[0m" [32m200 OK[0m
2026-08-19 06:15:58 | ERROR | stderr | /DATA/hnc/conda_envs/llama-omni2/lib/python3.10/site-packages/transformers/generation/configuration_utils.py:567: UserWarning: `do_sample` is set to `False`. However, `temperature` is set to `0.0` -- this flag is only used in sample-based generation modes. You should set `do_sample=True` or unset `temperature`.
2026-08-19 06:15:58 | ERROR | stderr |   warnings.warn(
2026-08-19 06:15:58 | ERROR | stderr | /DATA/hnc/conda_envs/llama-omni2/lib/python3.10/site-packages/transformers/generation/configuration_utils.py:572: UserWarning: `do_sample` is set to `False`. However, `top_p` is set to `0.7` -- this flag is only used in sample-based generation modes. You should set `do_sample=True` or unset `top_p`.
2026-08-19 06:15:58 | ERROR | stderr |   warnings.warn(
2026-08-19 06:15:58 | ERROR | stderr | /DATA/hnc/conda_envs/llama-omni2/lib/python3.10/site-packages/transformers/generation/configuration_utils.py:589: UserWarning: `do_sample` is set to `False`. However, `top_k` is set to `20` -- this flag is only used in sample-based generation modes. You should set `do_sample=True` or unset `top_k`.
2026-08-19 06:15:58 | ERROR | stderr |   warnings.warn(
2026-08-19 06:16:04 | INFO | model_worker | Send heart beat. Models: ['LLaMA-Omni2-7B-Bilingual']. Semaphore: Semaphore(value=5, locked=False). global_counter: 3
2026-08-19 06:16:08 | INFO | model_worker | Send heart beat. Models: ['LLaMA-Omni2-7B-Bilingual']. Semaphore: Semaphore(value=5, locked=False). global_counter: 3
2026-08-19 06:16:23 | INFO | model_worker | Send heart beat. Models: ['LLaMA-Omni2-7B-Bilingual']. Semaphore: Semaphore(value=5, locked=False). global_counter: 3
2026-08-19 06:16:38 | INFO | model_worker | Send heart beat. Models: ['LLaMA-Omni2-7B-Bilingual']. Semaphore: Semaphore(value=5, locked=False). global_counter: 3
2026-08-19 06:16:53 | INFO | model_worker | Send heart beat. Models: ['LLaMA-Omni2-7B-Bilingual']. Semaphore: Semaphore(value=5, locked=False). global_counter: 3
2026-08-19 06:17:08 | INFO | model_worker | Send heart beat. Models: ['LLaMA-Omni2-7B-Bilingual']. Semaphore: Semaphore(value=5, locked=False). global_counter: 3
2026-08-19 06:17:24 | INFO | model_worker | Send heart beat. Models: ['LLaMA-Omni2-7B-Bilingual']. Semaphore: Semaphore(value=5, locked=False). global_counter: 3
2026-08-19 06:17:39 | INFO | model_worker | Send heart beat. Models: ['LLaMA-Omni2-7B-Bilingual']. Semaphore: Semaphore(value=5, locked=False). global_counter: 3
2026-08-19 06:17:54 | INFO | model_worker | Send heart beat. Models: ['LLaMA-Omni2-7B-Bilingual']. Semaphore: Semaphore(value=5, locked=False). global_counter: 3
2026-08-19 06:18:09 | INFO | model_worker | Send heart beat. Models: ['LLaMA-Omni2-7B-Bilingual']. Semaphore: Semaphore(value=5, locked=False). global_counter: 3
2026-08-19 06:18:24 | INFO | model_worker | Send heart beat. Models: ['LLaMA-Omni2-7B-Bilingual']. Semaphore: Semaphore(value=5, locked=False). global_counter: 3
2026-08-19 06:18:39 | INFO | model_worker | Send heart beat. Models: ['LLaMA-Omni2-7B-Bilingual']. Semaphore: Semaphore(value=5, locked=False). global_counter: 3
2026-08-19 06:18:46 | INFO | stdout | [32mINFO[0m:     127.0.0.1:47048 - "[1mPOST /worker_get_status HTTP/1.1[0m" [32m200 OK[0m
2026-08-19 06:18:54 | INFO | model_worker | Send heart beat. Models: ['LLaMA-Omni2-7B-Bilingual']. Semaphore: Semaphore(value=5, locked=False). global_counter: 3
2026-08-19 06:18:58 | INFO | model_worker | Send heart beat. Models: ['LLaMA-Omni2-7B-Bilingual']. Semaphore: Semaphore(value=4, locked=False). global_counter: 4
2026-08-19 06:18:58 | INFO | stdout | [32mINFO[0m:     127.0.0.1:34694 - "[1mPOST /worker_generate_stream HTTP/1.1[0m" [32m200 OK[0m
2026-08-19 06:18:58 | ERROR | stderr | /DATA/hnc/conda_envs/llama-omni2/lib/python3.10/site-packages/transformers/generation/configuration_utils.py:567: UserWarning: `do_sample` is set to `False`. However, `temperature` is set to `0.0` -- this flag is only used in sample-based generation modes. You should set `do_sample=True` or unset `temperature`.
2026-08-19 06:18:58 | ERROR | stderr |   warnings.warn(
2026-08-19 06:18:58 | ERROR | stderr | /DATA/hnc/conda_envs/llama-omni2/lib/python3.10/site-packages/transformers/generation/configuration_utils.py:572: UserWarning: `do_sample` is set to `False`. However, `top_p` is set to `0.7` -- this flag is only used in sample-based generation modes. You should set `do_sample=True` or unset `top_p`.
2026-08-19 06:18:58 | ERROR | stderr |   warnings.warn(
2026-08-19 06:18:58 | ERROR | stderr | /DATA/hnc/conda_envs/llama-omni2/lib/python3.10/site-packages/transformers/generation/configuration_utils.py:589: UserWarning: `do_sample` is set to `False`. However, `top_k` is set to `20` -- this flag is only used in sample-based generation modes. You should set `do_sample=True` or unset `top_k`.
2026-08-19 06:18:58 | ERROR | stderr |   warnings.warn(
2026-08-19 06:19:09 | INFO | model_worker | Send heart beat. Models: ['LLaMA-Omni2-7B-Bilingual']. Semaphore: Semaphore(value=4, locked=False). global_counter: 4
2026-08-19 06:19:24 | INFO | model_worker | Send heart beat. Models: ['LLaMA-Omni2-7B-Bilingual']. Semaphore: Semaphore(value=4, locked=False). global_counter: 4
2026-08-19 06:19:27 | INFO | model_worker | Send heart beat. Models: ['LLaMA-Omni2-7B-Bilingual']. Semaphore: Semaphore(value=5, locked=False). global_counter: 4
2026-08-19 06:19:39 | INFO | model_worker | Send heart beat. Models: ['LLaMA-Omni2-7B-Bilingual']. Semaphore: Semaphore(value=5, locked=False). global_counter: 4
2026-08-19 06:19:54 | INFO | model_worker | Send heart beat. Models: ['LLaMA-Omni2-7B-Bilingual']. Semaphore: Semaphore(value=5, locked=False). global_counter: 4
2026-08-19 06:20:09 | INFO | model_worker | Send heart beat. Models: ['LLaMA-Omni2-7B-Bilingual']. Semaphore: Semaphore(value=5, locked=False). global_counter: 4
2026-08-19 06:20:24 | INFO | model_worker | Send heart beat. Models: ['LLaMA-Omni2-7B-Bilingual']. Semaphore: Semaphore(value=5, locked=False). global_counter: 4
2026-08-19 06:20:39 | INFO | model_worker | Send heart beat. Models: ['LLaMA-Omni2-7B-Bilingual']. Semaphore: Semaphore(value=5, locked=False). global_counter: 4
2026-08-19 06:20:54 | INFO | model_worker | Send heart beat. Models: ['LLaMA-Omni2-7B-Bilingual']. Semaphore: Semaphore(value=5, locked=False). global_counter: 4
2026-08-19 06:21:09 | INFO | model_worker | Send heart beat. Models: ['LLaMA-Omni2-7B-Bilingual']. Semaphore: Semaphore(value=5, locked=False). global_counter: 4
2026-08-19 06:21:24 | INFO | model_worker | Send heart beat. Models: ['LLaMA-Omni2-7B-Bilingual']. Semaphore: Semaphore(value=5, locked=False). global_counter: 4
2026-08-19 06:21:39 | INFO | model_worker | Send heart beat. Models: ['LLaMA-Omni2-7B-Bilingual']. Semaphore: Semaphore(value=5, locked=False). global_counter: 4
2026-08-19 06:21:54 | INFO | model_worker | Send heart beat. Models: ['LLaMA-Omni2-7B-Bilingual']. Semaphore: Semaphore(value=5, locked=False). global_counter: 4
2026-08-19 06:22:09 | INFO | model_worker | Send heart beat. Models: ['LLaMA-Omni2-7B-Bilingual']. Semaphore: Semaphore(value=5, locked=False). global_counter: 4
2026-08-19 06:22:24 | INFO | model_worker | Send heart beat. Models: ['LLaMA-Omni2-7B-Bilingual']. Semaphore: Semaphore(value=5, locked=False). global_counter: 4
2026-08-19 06:22:39 | INFO | model_worker | Send heart beat. Models: ['LLaMA-Omni2-7B-Bilingual']. Semaphore: Semaphore(value=5, locked=False). global_counter: 4
2026-08-19 06:22:54 | INFO | model_worker | Send heart beat. Models: ['LLaMA-Omni2-7B-Bilingual']. Semaphore: Semaphore(value=5, locked=False). global_counter: 4
2026-08-19 06:23:09 | INFO | model_worker | Send heart beat. Models: ['LLaMA-Omni2-7B-Bilingual']. Semaphore: Semaphore(value=5, locked=False). global_counter: 4
2026-08-19 06:23:24 | INFO | model_worker | Send heart beat. Models: ['LLaMA-Omni2-7B-Bilingual']. Semaphore: Semaphore(value=5, locked=False). global_counter: 4
2026-08-19 06:23:39 | INFO | model_worker | Send heart beat. Models: ['LLaMA-Omni2-7B-Bilingual']. Semaphore: Semaphore(value=5, locked=False). global_counter: 4
2026-08-19 06:23:54 | INFO | model_worker | Send heart beat. Models: ['LLaMA-Omni2-7B-Bilingual']. Semaphore: Semaphore(value=5, locked=False). global_counter: 4
2026-08-19 06:24:09 | INFO | model_worker | Send heart beat. Models: ['LLaMA-Omni2-7B-Bilingual']. Semaphore: Semaphore(value=5, locked=False). global_counter: 4
2026-08-19 06:24:24 | INFO | model_worker | Send heart beat. Models: ['LLaMA-Omni2-7B-Bilingual']. Semaphore: Semaphore(value=5, locked=False). global_counter: 4
2026-08-19 06:24:39 | INFO | model_worker | Send heart beat. Models: ['LLaMA-Omni2-7B-Bilingual']. Semaphore: Semaphore(value=5, locked=False). global_counter: 4
2026-08-19 06:24:54 | INFO | model_worker | Send heart beat. Models: ['LLaMA-Omni2-7B-Bilingual']. Semaphore: Semaphore(value=5, locked=False). global_counter: 4
2026-08-19 06:25:09 | INFO | model_worker | Send heart beat. Models: ['LLaMA-Omni2-7B-Bilingual']. Semaphore: Semaphore(value=5, locked=False). global_counter: 4
2026-08-19 06:25:24 | INFO | model_worker | Send heart beat. Models: ['LLaMA-Omni2-7B-Bilingual']. Semaphore: Semaphore(value=5, locked=False). global_counter: 4
2026-08-19 06:25:39 | INFO | model_worker | Send heart beat. Models: ['LLaMA-Omni2-7B-Bilingual']. Semaphore: Semaphore(value=5, locked=False). global_counter: 4
2026-08-19 06:25:54 | INFO | model_worker | Send heart beat. Models: ['LLaMA-Omni2-7B-Bilingual']. Semaphore: Semaphore(value=5, locked=False). global_counter: 4
2026-08-19 06:26:09 | INFO | model_worker | Send heart beat. Models: ['LLaMA-Omni2-7B-Bilingual']. Semaphore: Semaphore(value=5, locked=False). global_counter: 4
2026-08-19 06:26:24 | INFO | model_worker | Send heart beat. Models: ['LLaMA-Omni2-7B-Bilingual']. Semaphore: Semaphore(value=5, locked=False). global_counter: 4
2026-08-19 06:26:39 | INFO | model_worker | Send heart beat. Models: ['LLaMA-Omni2-7B-Bilingual']. Semaphore: Semaphore(value=5, locked=False). global_counter: 4
2026-08-19 06:26:54 | INFO | model_worker | Send heart beat. Models: ['LLaMA-Omni2-7B-Bilingual']. Semaphore: Semaphore(value=5, locked=False). global_counter: 4
2026-08-19 06:27:09 | INFO | model_worker | Send heart beat. Models: ['LLaMA-Omni2-7B-Bilingual']. Semaphore: Semaphore(value=5, locked=False). global_counter: 4
2026-08-19 06:27:24 | INFO | model_worker | Send heart beat. Models: ['LLaMA-Omni2-7B-Bilingual']. Semaphore: Semaphore(value=5, locked=False). global_counter: 4
2026-08-19 06:27:39 | INFO | model_worker | Send heart beat. Models: ['LLaMA-Omni2-7B-Bilingual']. Semaphore: Semaphore(value=5, locked=False). global_counter: 4
2026-08-19 06:27:54 | INFO | model_worker | Send heart beat. Models: ['LLaMA-Omni2-7B-Bilingual']. Semaphore: Semaphore(value=5, locked=False). global_counter: 4
2026-08-19 06:28:09 | INFO | model_worker | Send heart beat. Models: ['LLaMA-Omni2-7B-Bilingual']. Semaphore: Semaphore(value=5, locked=False). global_counter: 4
2026-08-19 06:28:24 | INFO | model_worker | Send heart beat. Models: ['LLaMA-Omni2-7B-Bilingual']. Semaphore: Semaphore(value=5, locked=False). global_counter: 4
2026-08-19 06:28:39 | INFO | model_worker | Send heart beat. Models: ['LLaMA-Omni2-7B-Bilingual']. Semaphore: Semaphore(value=5, locked=False). global_counter: 4
2026-08-19 06:28:54 | INFO | model_worker | Send heart beat. Models: ['LLaMA-Omni2-7B-Bilingual']. Semaphore: Semaphore(value=5, locked=False). global_counter: 4
2026-08-19 06:29:09 | INFO | model_worker | Send heart beat. Models: ['LLaMA-Omni2-7B-Bilingual']. Semaphore: Semaphore(value=5, locked=False). global_counter: 4
2026-08-19 06:29:24 | INFO | model_worker | Send heart beat. Models: ['LLaMA-Omni2-7B-Bilingual']. Semaphore: Semaphore(value=5, locked=False). global_counter: 4
2026-08-19 06:29:39 | INFO | model_worker | Send heart beat. Models: ['LLaMA-Omni2-7B-Bilingual']. Semaphore: Semaphore(value=5, locked=False). global_counter: 4
2026-08-19 06:29:54 | INFO | model_worker | Send heart beat. Models: ['LLaMA-Omni2-7B-Bilingual']. Semaphore: Semaphore(value=5, locked=False). global_counter: 4
2026-08-19 06:30:09 | INFO | model_worker | Send heart beat. Models: ['LLaMA-Omni2-7B-Bilingual']. Semaphore: Semaphore(value=5, locked=False). global_counter: 4
2026-08-19 06:30:25 | INFO | model_worker | Send heart beat. Models: ['LLaMA-Omni2-7B-Bilingual']. Semaphore: Semaphore(value=5, locked=False). global_counter: 4
2026-08-19 06:30:40 | INFO | model_worker | Send heart beat. Models: ['LLaMA-Omni2-7B-Bilingual']. Semaphore: Semaphore(value=5, locked=False). global_counter: 4
2026-08-19 06:30:55 | INFO | model_worker | Send heart beat. Models: ['LLaMA-Omni2-7B-Bilingual']. Semaphore: Semaphore(value=5, locked=False). global_counter: 4
2026-08-19 06:31:10 | INFO | model_worker | Send heart beat. Models: ['LLaMA-Omni2-7B-Bilingual']. Semaphore: Semaphore(value=5, locked=False). global_counter: 4
2026-08-19 06:31:25 | INFO | model_worker | Send heart beat. Models: ['LLaMA-Omni2-7B-Bilingual']. Semaphore: Semaphore(value=5, locked=False). global_counter: 4
2026-08-19 06:31:40 | INFO | model_worker | Send heart beat. Models: ['LLaMA-Omni2-7B-Bilingual']. Semaphore: Semaphore(value=5, locked=False). global_counter: 4
2026-08-19 06:31:55 | INFO | model_worker | Send heart beat. Models: ['LLaMA-Omni2-7B-Bilingual']. Semaphore: Semaphore(value=5, locked=False). global_counter: 4
2026-08-19 06:32:10 | INFO | model_worker | Send heart beat. Models: ['LLaMA-Omni2-7B-Bilingual']. Semaphore: Semaphore(value=5, locked=False). global_counter: 4
2026-08-19 06:32:25 | INFO | model_worker | Send heart beat. Models: ['LLaMA-Omni2-7B-Bilingual']. Semaphore: Semaphore(value=5, locked=False). global_counter: 4
2026-08-19 06:32:40 | INFO | model_worker | Send heart beat. Models: ['LLaMA-Omni2-7B-Bilingual']. Semaphore: Semaphore(value=5, locked=False). global_counter: 4
2026-08-19 06:32:55 | INFO | model_worker | Send heart beat. Models: ['LLaMA-Omni2-7B-Bilingual']. Semaphore: Semaphore(value=5, locked=False). global_counter: 4
2026-08-19 06:33:10 | INFO | model_worker | Send heart beat. Models: ['LLaMA-Omni2-7B-Bilingual']. Semaphore: Semaphore(value=5, locked=False). global_counter: 4
2026-08-19 06:33:25 | INFO | model_worker | Send heart beat. Models: ['LLaMA-Omni2-7B-Bilingual']. Semaphore: Semaphore(value=5, locked=False). global_counter: 4
2026-08-19 06:33:40 | INFO | model_worker | Send heart beat. Models: ['LLaMA-Omni2-7B-Bilingual']. Semaphore: Semaphore(value=5, locked=False). global_counter: 4
2026-08-19 06:33:55 | INFO | model_worker | Send heart beat. Models: ['LLaMA-Omni2-7B-Bilingual']. Semaphore: Semaphore(value=5, locked=False). global_counter: 4
2026-08-19 06:34:10 | INFO | model_worker | Send heart beat. Models: ['LLaMA-Omni2-7B-Bilingual']. Semaphore: Semaphore(value=5, locked=False). global_counter: 4
2026-08-19 06:34:25 | INFO | model_worker | Send heart beat. Models: ['LLaMA-Omni2-7B-Bilingual']. Semaphore: Semaphore(value=5, locked=False). global_counter: 4
2026-08-19 06:34:40 | INFO | model_worker | Send heart beat. Models: ['LLaMA-Omni2-7B-Bilingual']. Semaphore: Semaphore(value=5, locked=False). global_counter: 4
2026-08-19 06:34:55 | INFO | model_worker | Send heart beat. Models: ['LLaMA-Omni2-7B-Bilingual']. Semaphore: Semaphore(value=5, locked=False). global_counter: 4
2026-08-19 06:35:10 | INFO | model_worker | Send heart beat. Models: ['LLaMA-Omni2-7B-Bilingual']. Semaphore: Semaphore(value=5, locked=False). global_counter: 4
2026-08-19 06:35:25 | INFO | model_worker | Send heart beat. Models: ['LLaMA-Omni2-7B-Bilingual']. Semaphore: Semaphore(value=5, locked=False). global_counter: 4
2026-08-19 06:35:40 | INFO | model_worker | Send heart beat. Models: ['LLaMA-Omni2-7B-Bilingual']. Semaphore: Semaphore(value=5, locked=False). global_counter: 4
2026-08-19 06:35:55 | INFO | model_worker | Send heart beat. Models: ['LLaMA-Omni2-7B-Bilingual']. Semaphore: Semaphore(value=5, locked=False). global_counter: 4
2026-08-19 06:36:10 | INFO | model_worker | Send heart beat. Models: ['LLaMA-Omni2-7B-Bilingual']. Semaphore: Semaphore(value=5, locked=False). global_counter: 4
2026-08-19 06:36:25 | INFO | model_worker | Send heart beat. Models: ['LLaMA-Omni2-7B-Bilingual']. Semaphore: Semaphore(value=5, locked=False). global_counter: 4
2026-08-19 06:36:40 | INFO | model_worker | Send heart beat. Models: ['LLaMA-Omni2-7B-Bilingual']. Semaphore: Semaphore(value=5, locked=False). global_counter: 4
2026-08-19 06:36:55 | INFO | model_worker | Send heart beat. Models: ['LLaMA-Omni2-7B-Bilingual']. Semaphore: Semaphore(value=5, locked=False). global_counter: 4
2026-08-19 06:37:10 | INFO | model_worker | Send heart beat. Models: ['LLaMA-Omni2-7B-Bilingual']. Semaphore: Semaphore(value=5, locked=False). global_counter: 4
2026-08-19 06:37:25 | INFO | model_worker | Send heart beat. Models: ['LLaMA-Omni2-7B-Bilingual']. Semaphore: Semaphore(value=5, locked=False). global_counter: 4
2026-08-19 06:37:40 | INFO | model_worker | Send heart beat. Models: ['LLaMA-Omni2-7B-Bilingual']. Semaphore: Semaphore(value=5, locked=False). global_counter: 4
2026-08-19 06:37:55 | INFO | model_worker | Send heart beat. Models: ['LLaMA-Omni2-7B-Bilingual']. Semaphore: Semaphore(value=5, locked=False). global_counter: 4
2026-08-19 06:38:10 | INFO | model_worker | Send heart beat. Models: ['LLaMA-Omni2-7B-Bilingual']. Semaphore: Semaphore(value=5, locked=False). global_counter: 4
2026-08-19 06:38:25 | INFO | model_worker | Send heart beat. Models: ['LLaMA-Omni2-7B-Bilingual']. Semaphore: Semaphore(value=5, locked=False). global_counter: 4
2026-08-19 06:38:40 | INFO | model_worker | Send heart beat. Models: ['LLaMA-Omni2-7B-Bilingual']. Semaphore: Semaphore(value=5, locked=False). global_counter: 4
2026-08-19 06:38:55 | INFO | model_worker | Send heart beat. Models: ['LLaMA-Omni2-7B-Bilingual']. Semaphore: Semaphore(value=5, locked=False). global_counter: 4
2026-08-19 06:39:10 | INFO | model_worker | Send heart beat. Models: ['LLaMA-Omni2-7B-Bilingual']. Semaphore: Semaphore(value=5, locked=False). global_counter: 4
2026-08-19 06:39:25 | INFO | model_worker | Send heart beat. Models: ['LLaMA-Omni2-7B-Bilingual']. Semaphore: Semaphore(value=5, locked=False). global_counter: 4
2026-08-19 06:39:40 | INFO | model_worker | Send heart beat. Models: ['LLaMA-Omni2-7B-Bilingual']. Semaphore: Semaphore(value=5, locked=False). global_counter: 4
2026-08-19 06:39:55 | INFO | model_worker | Send heart beat. Models: ['LLaMA-Omni2-7B-Bilingual']. Semaphore: Semaphore(value=5, locked=False). global_counter: 4
2026-08-19 06:40:10 | INFO | model_worker | Send heart beat. Models: ['LLaMA-Omni2-7B-Bilingual']. Semaphore: Semaphore(value=5, locked=False). global_counter: 4
2026-08-19 06:40:25 | INFO | model_worker | Send heart beat. Models: ['LLaMA-Omni2-7B-Bilingual']. Semaphore: Semaphore(value=5, locked=False). global_counter: 4
2026-08-19 06:40:40 | INFO | model_worker | Send heart beat. Models: ['LLaMA-Omni2-7B-Bilingual']. Semaphore: Semaphore(value=5, locked=False). global_counter: 4
2026-08-19 06:40:55 | INFO | model_worker | Send heart beat. Models: ['LLaMA-Omni2-7B-Bilingual']. Semaphore: Semaphore(value=5, locked=False). global_counter: 4
2026-08-19 06:41:10 | INFO | model_worker | Send heart beat. Models: ['LLaMA-Omni2-7B-Bilingual']. Semaphore: Semaphore(value=5, locked=False). global_counter: 4
2026-08-19 06:41:25 | INFO | model_worker | Send heart beat. Models: ['LLaMA-Omni2-7B-Bilingual']. Semaphore: Semaphore(value=5, locked=False). global_counter: 4
2026-08-19 06:41:40 | INFO | model_worker | Send heart beat. Models: ['LLaMA-Omni2-7B-Bilingual']. Semaphore: Semaphore(value=5, locked=False). global_counter: 4
2026-08-19 06:41:55 | INFO | model_worker | Send heart beat. Models: ['LLaMA-Omni2-7B-Bilingual']. Semaphore: Semaphore(value=5, locked=False). global_counter: 4
2026-08-19 06:42:10 | INFO | model_worker | Send heart beat. Models: ['LLaMA-Omni2-7B-Bilingual']. Semaphore: Semaphore(value=5, locked=False). global_counter: 4
2026-08-19 06:42:25 | INFO | model_worker | Send heart beat. Models: ['LLaMA-Omni2-7B-Bilingual']. Semaphore: Semaphore(value=5, locked=False). global_counter: 4
2026-08-19 06:42:40 | INFO | model_worker | Send heart beat. Models: ['LLaMA-Omni2-7B-Bilingual']. Semaphore: Semaphore(value=5, locked=False). global_counter: 4
2026-08-19 06:42:55 | INFO | model_worker | Send heart beat. Models: ['LLaMA-Omni2-7B-Bilingual']. Semaphore: Semaphore(value=5, locked=False). global_counter: 4
2026-08-19 06:43:11 | INFO | model_worker | Send heart beat. Models: ['LLaMA-Omni2-7B-Bilingual']. Semaphore: Semaphore(value=5, locked=False). global_counter: 4
2026-08-19 06:43:26 | INFO | model_worker | Send heart beat. Models: ['LLaMA-Omni2-7B-Bilingual']. Semaphore: Semaphore(value=5, locked=False). global_counter: 4
2026-08-19 06:43:41 | INFO | model_worker | Send heart beat. Models: ['LLaMA-Omni2-7B-Bilingual']. Semaphore: Semaphore(value=5, locked=False). global_counter: 4
2026-08-19 06:43:56 | INFO | model_worker | Send heart beat. Models: ['LLaMA-Omni2-7B-Bilingual']. Semaphore: Semaphore(value=5, locked=False). global_counter: 4
2026-08-19 06:44:11 | INFO | model_worker | Send heart beat. Models: ['LLaMA-Omni2-7B-Bilingual']. Semaphore: Semaphore(value=5, locked=False). global_counter: 4
2026-08-19 06:44:26 | INFO | model_worker | Send heart beat. Models: ['LLaMA-Omni2-7B-Bilingual']. Semaphore: Semaphore(value=5, locked=False). global_counter: 4
2026-08-19 06:44:41 | INFO | model_worker | Send heart beat. Models: ['LLaMA-Omni2-7B-Bilingual']. Semaphore: Semaphore(value=5, locked=False). global_counter: 4
2026-08-19 06:44:56 | INFO | model_worker | Send heart beat. Models: ['LLaMA-Omni2-7B-Bilingual']. Semaphore: Semaphore(value=5, locked=False). global_counter: 4
2026-08-19 06:45:11 | INFO | model_worker | Send heart beat. Models: ['LLaMA-Omni2-7B-Bilingual']. Semaphore: Semaphore(value=5, locked=False). global_counter: 4
2026-08-19 06:45:26 | INFO | model_worker | Send heart beat. Models: ['LLaMA-Omni2-7B-Bilingual']. Semaphore: Semaphore(value=5, locked=False). global_counter: 4
2026-08-19 06:45:41 | INFO | model_worker | Send heart beat. Models: ['LLaMA-Omni2-7B-Bilingual']. Semaphore: Semaphore(value=5, locked=False). global_counter: 4
2026-08-19 06:45:56 | INFO | model_worker | Send heart beat. Models: ['LLaMA-Omni2-7B-Bilingual']. Semaphore: Semaphore(value=5, locked=False). global_counter: 4
2026-08-19 06:46:11 | INFO | model_worker | Send heart beat. Models: ['LLaMA-Omni2-7B-Bilingual']. Semaphore: Semaphore(value=5, locked=False). global_counter: 4
2026-08-19 06:46:26 | INFO | model_worker | Send heart beat. Models: ['LLaMA-Omni2-7B-Bilingual']. Semaphore: Semaphore(value=5, locked=False). global_counter: 4
2026-08-19 06:46:41 | INFO | model_worker | Send heart beat. Models: ['LLaMA-Omni2-7B-Bilingual']. Semaphore: Semaphore(value=5, locked=False). global_counter: 4
2026-08-19 06:46:56 | INFO | model_worker | Send heart beat. Models: ['LLaMA-Omni2-7B-Bilingual']. Semaphore: Semaphore(value=5, locked=False). global_counter: 4
2026-08-19 06:47:11 | INFO | model_worker | Send heart beat. Models: ['LLaMA-Omni2-7B-Bilingual']. Semaphore: Semaphore(value=5, locked=False). global_counter: 4
2026-08-19 06:47:26 | INFO | model_worker | Send heart beat. Models: ['LLaMA-Omni2-7B-Bilingual']. Semaphore: Semaphore(value=5, locked=False). global_counter: 4
2026-08-19 06:47:41 | INFO | model_worker | Send heart beat. Models: ['LLaMA-Omni2-7B-Bilingual']. Semaphore: Semaphore(value=5, locked=False). global_counter: 4
2026-08-19 06:47:56 | INFO | model_worker | Send heart beat. Models: ['LLaMA-Omni2-7B-Bilingual']. Semaphore: Semaphore(value=5, locked=False). global_counter: 4
2026-08-19 06:48:11 | INFO | model_worker | Send heart beat. Models: ['LLaMA-Omni2-7B-Bilingual']. Semaphore: Semaphore(value=5, locked=False). global_counter: 4
2026-08-19 06:48:26 | INFO | model_worker | Send heart beat. Models: ['LLaMA-Omni2-7B-Bilingual']. Semaphore: Semaphore(value=5, locked=False). global_counter: 4
2026-08-19 06:48:41 | INFO | model_worker | Send heart beat. Models: ['LLaMA-Omni2-7B-Bilingual']. Semaphore: Semaphore(value=5, locked=False). global_counter: 4
2026-08-19 06:48:56 | INFO | model_worker | Send heart beat. Models: ['LLaMA-Omni2-7B-Bilingual']. Semaphore: Semaphore(value=5, locked=False). global_counter: 4
2026-08-19 06:49:11 | INFO | model_worker | Send heart beat. Models: ['LLaMA-Omni2-7B-Bilingual']. Semaphore: Semaphore(value=5, locked=False). global_counter: 4
2026-08-19 06:49:26 | INFO | model_worker | Send heart beat. Models: ['LLaMA-Omni2-7B-Bilingual']. Semaphore: Semaphore(value=5, locked=False). global_counter: 4
2026-08-19 06:49:41 | INFO | model_worker | Send heart beat. Models: ['LLaMA-Omni2-7B-Bilingual']. Semaphore: Semaphore(value=5, locked=False). global_counter: 4
2026-08-19 06:49:56 | INFO | model_worker | Send heart beat. Models: ['LLaMA-Omni2-7B-Bilingual']. Semaphore: Semaphore(value=5, locked=False). global_counter: 4
2026-08-19 06:50:11 | INFO | model_worker | Send heart beat. Models: ['LLaMA-Omni2-7B-Bilingual']. Semaphore: Semaphore(value=5, locked=False). global_counter: 4
2026-08-19 06:50:26 | INFO | model_worker | Send heart beat. Models: ['LLaMA-Omni2-7B-Bilingual']. Semaphore: Semaphore(value=5, locked=False). global_counter: 4
2026-08-19 06:50:41 | INFO | model_worker | Send heart beat. Models: ['LLaMA-Omni2-7B-Bilingual']. Semaphore: Semaphore(value=5, locked=False). global_counter: 4
2026-08-19 06:50:56 | INFO | model_worker | Send heart beat. Models: ['LLaMA-Omni2-7B-Bilingual']. Semaphore: Semaphore(value=5, locked=False). global_counter: 4
2026-08-19 06:51:11 | INFO | model_worker | Send heart beat. Models: ['LLaMA-Omni2-7B-Bilingual']. Semaphore: Semaphore(value=5, locked=False). global_counter: 4
2026-08-19 06:51:26 | INFO | model_worker | Send heart beat. Models: ['LLaMA-Omni2-7B-Bilingual']. Semaphore: Semaphore(value=5, locked=False). global_counter: 4
2026-08-19 06:51:41 | INFO | model_worker | Send heart beat. Models: ['LLaMA-Omni2-7B-Bilingual']. Semaphore: Semaphore(value=5, locked=False). global_counter: 4
2026-08-19 06:51:56 | INFO | model_worker | Send heart beat. Models: ['LLaMA-Omni2-7B-Bilingual']. Semaphore: Semaphore(value=5, locked=False). global_counter: 4
2026-08-19 06:52:11 | INFO | model_worker | Send heart beat. Models: ['LLaMA-Omni2-7B-Bilingual']. Semaphore: Semaphore(value=5, locked=False). global_counter: 4
2026-08-19 06:52:26 | INFO | model_worker | Send heart beat. Models: ['LLaMA-Omni2-7B-Bilingual']. Semaphore: Semaphore(value=5, locked=False). global_counter: 4
2026-08-19 06:52:41 | INFO | model_worker | Send heart beat. Models: ['LLaMA-Omni2-7B-Bilingual']. Semaphore: Semaphore(value=5, locked=False). global_counter: 4
2026-08-19 06:52:56 | INFO | model_worker | Send heart beat. Models: ['LLaMA-Omni2-7B-Bilingual']. Semaphore: Semaphore(value=5, locked=False). global_counter: 4
2026-08-19 06:53:11 | INFO | model_worker | Send heart beat. Models: ['LLaMA-Omni2-7B-Bilingual']. Semaphore: Semaphore(value=5, locked=False). global_counter: 4
2026-08-19 06:53:26 | INFO | model_worker | Send heart beat. Models: ['LLaMA-Omni2-7B-Bilingual']. Semaphore: Semaphore(value=5, locked=False). global_counter: 4
2026-08-19 06:53:41 | INFO | model_worker | Send heart beat. Models: ['LLaMA-Omni2-7B-Bilingual']. Semaphore: Semaphore(value=5, locked=False). global_counter: 4
2026-08-19 06:53:56 | INFO | model_worker | Send heart beat. Models: ['LLaMA-Omni2-7B-Bilingual']. Semaphore: Semaphore(value=5, locked=False). global_counter: 4
2026-08-19 06:54:11 | INFO | model_worker | Send heart beat. Models: ['LLaMA-Omni2-7B-Bilingual']. Semaphore: Semaphore(value=5, locked=False). global_counter: 4
2026-08-19 06:54:26 | INFO | model_worker | Send heart beat. Models: ['LLaMA-Omni2-7B-Bilingual']. Semaphore: Semaphore(value=5, locked=False). global_counter: 4
2026-08-19 06:54:41 | INFO | model_worker | Send heart beat. Models: ['LLaMA-Omni2-7B-Bilingual']. Semaphore: Semaphore(value=5, locked=False). global_counter: 4
2026-08-19 06:54:56 | INFO | model_worker | Send heart beat. Models: ['LLaMA-Omni2-7B-Bilingual']. Semaphore: Semaphore(value=5, locked=False). global_counter: 4
2026-08-19 06:55:11 | INFO | model_worker | Send heart beat. Models: ['LLaMA-Omni2-7B-Bilingual']. Semaphore: Semaphore(value=5, locked=False). global_counter: 4
2026-08-19 06:55:26 | INFO | model_worker | Send heart beat. Models: ['LLaMA-Omni2-7B-Bilingual']. Semaphore: Semaphore(value=5, locked=False). global_counter: 4
2026-08-19 06:55:41 | INFO | model_worker | Send heart beat. Models: ['LLaMA-Omni2-7B-Bilingual']. Semaphore: Semaphore(value=5, locked=False). global_counter: 4
2026-08-19 06:55:56 | INFO | model_worker | Send heart beat. Models: ['LLaMA-Omni2-7B-Bilingual']. Semaphore: Semaphore(value=5, locked=False). global_counter: 4
2026-08-19 06:56:12 | INFO | model_worker | Send heart beat. Models: ['LLaMA-Omni2-7B-Bilingual']. Semaphore: Semaphore(value=5, locked=False). global_counter: 4
2026-08-19 06:56:27 | INFO | model_worker | Send heart beat. Models: ['LLaMA-Omni2-7B-Bilingual']. Semaphore: Semaphore(value=5, locked=False). global_counter: 4
2026-08-19 06:56:42 | INFO | model_worker | Send heart beat. Models: ['LLaMA-Omni2-7B-Bilingual']. Semaphore: Semaphore(value=5, locked=False). global_counter: 4
2026-08-19 06:56:57 | INFO | model_worker | Send heart beat. Models: ['LLaMA-Omni2-7B-Bilingual']. Semaphore: Semaphore(value=5, locked=False). global_counter: 4
2026-08-19 06:57:12 | INFO | model_worker | Send heart beat. Models: ['LLaMA-Omni2-7B-Bilingual']. Semaphore: Semaphore(value=5, locked=False). global_counter: 4
2026-08-19 06:57:27 | INFO | model_worker | Send heart beat. Models: ['LLaMA-Omni2-7B-Bilingual']. Semaphore: Semaphore(value=5, locked=False). global_counter: 4
2026-08-19 06:57:42 | INFO | model_worker | Send heart beat. Models: ['LLaMA-Omni2-7B-Bilingual']. Semaphore: Semaphore(value=5, locked=False). global_counter: 4
2026-08-19 06:57:57 | INFO | model_worker | Send heart beat. Models: ['LLaMA-Omni2-7B-Bilingual']. Semaphore: Semaphore(value=5, locked=False). global_counter: 4
2026-08-19 06:58:12 | INFO | model_worker | Send heart beat. Models: ['LLaMA-Omni2-7B-Bilingual']. Semaphore: Semaphore(value=5, locked=False). global_counter: 4
2026-08-19 06:58:27 | INFO | model_worker | Send heart beat. Models: ['LLaMA-Omni2-7B-Bilingual']. Semaphore: Semaphore(value=5, locked=False). global_counter: 4
2026-08-19 06:58:42 | INFO | model_worker | Send heart beat. Models: ['LLaMA-Omni2-7B-Bilingual']. Semaphore: Semaphore(value=5, locked=False). global_counter: 4
2026-08-19 06:58:57 | INFO | model_worker | Send heart beat. Models: ['LLaMA-Omni2-7B-Bilingual']. Semaphore: Semaphore(value=5, locked=False). global_counter: 4
2026-08-19 06:59:12 | INFO | model_worker | Send heart beat. Models: ['LLaMA-Omni2-7B-Bilingual']. Semaphore: Semaphore(value=5, locked=False). global_counter: 4
2026-08-19 06:59:27 | INFO | model_worker | Send heart beat. Models: ['LLaMA-Omni2-7B-Bilingual']. Semaphore: Semaphore(value=5, locked=False). global_counter: 4
2026-08-19 06:59:42 | INFO | model_worker | Send heart beat. Models: ['LLaMA-Omni2-7B-Bilingual']. Semaphore: Semaphore(value=5, locked=False). global_counter: 4
2026-08-19 06:59:57 | INFO | model_worker | Send heart beat. Models: ['LLaMA-Omni2-7B-Bilingual']. Semaphore: Semaphore(value=5, locked=False). global_counter: 4
2026-08-19 07:00:12 | INFO | model_worker | Send heart beat. Models: ['LLaMA-Omni2-7B-Bilingual']. Semaphore: Semaphore(value=5, locked=False). global_counter: 4
2026-08-19 07:00:27 | INFO | model_worker | Send heart beat. Models: ['LLaMA-Omni2-7B-Bilingual']. Semaphore: Semaphore(value=5, locked=False). global_counter: 4
2026-08-19 07:00:42 | INFO | model_worker | Send heart beat. Models: ['LLaMA-Omni2-7B-Bilingual']. Semaphore: Semaphore(value=5, locked=False). global_counter: 4
2026-08-19 07:00:57 | INFO | model_worker | Send heart beat. Models: ['LLaMA-Omni2-7B-Bilingual']. Semaphore: Semaphore(value=5, locked=False). global_counter: 4
2026-08-19 07:01:12 | INFO | model_worker | Send heart beat. Models: ['LLaMA-Omni2-7B-Bilingual']. Semaphore: Semaphore(value=5, locked=False). global_counter: 4
2026-08-19 07:01:27 | INFO | model_worker | Send heart beat. Models: ['LLaMA-Omni2-7B-Bilingual']. Semaphore: Semaphore(value=5, locked=False). global_counter: 4
2026-08-19 07:01:42 | INFO | model_worker | Send heart beat. Models: ['LLaMA-Omni2-7B-Bilingual']. Semaphore: Semaphore(value=5, locked=False). global_counter: 4
2026-08-19 07:01:57 | INFO | model_worker | Send heart beat. Models: ['LLaMA-Omni2-7B-Bilingual']. Semaphore: Semaphore(value=5, locked=False). global_counter: 4
2026-08-19 07:02:12 | INFO | model_worker | Send heart beat. Models: ['LLaMA-Omni2-7B-Bilingual']. Semaphore: Semaphore(value=5, locked=False). global_counter: 4
2026-08-19 07:02:27 | INFO | model_worker | Send heart beat. Models: ['LLaMA-Omni2-7B-Bilingual']. Semaphore: Semaphore(value=5, locked=False). global_counter: 4
2026-08-19 07:02:42 | INFO | model_worker | Send heart beat. Models: ['LLaMA-Omni2-7B-Bilingual']. Semaphore: Semaphore(value=5, locked=False). global_counter: 4
2026-08-19 07:02:57 | INFO | model_worker | Send heart beat. Models: ['LLaMA-Omni2-7B-Bilingual']. Semaphore: Semaphore(value=5, locked=False). global_counter: 4
2026-08-19 07:03:12 | INFO | model_worker | Send heart beat. Models: ['LLaMA-Omni2-7B-Bilingual']. Semaphore: Semaphore(value=5, locked=False). global_counter: 4
2026-08-19 07:03:27 | INFO | model_worker | Send heart beat. Models: ['LLaMA-Omni2-7B-Bilingual']. Semaphore: Semaphore(value=5, locked=False). global_counter: 4
2026-08-19 07:03:42 | INFO | model_worker | Send heart beat. Models: ['LLaMA-Omni2-7B-Bilingual']. Semaphore: Semaphore(value=5, locked=False). global_counter: 4
2026-08-19 07:03:57 | INFO | model_worker | Send heart beat. Models: ['LLaMA-Omni2-7B-Bilingual']. Semaphore: Semaphore(value=5, locked=False). global_counter: 4
2026-08-19 07:04:12 | INFO | model_worker | Send heart beat. Models: ['LLaMA-Omni2-7B-Bilingual']. Semaphore: Semaphore(value=5, locked=False). global_counter: 4
2026-08-19 07:04:27 | INFO | model_worker | Send heart beat. Models: ['LLaMA-Omni2-7B-Bilingual']. Semaphore: Semaphore(value=5, locked=False). global_counter: 4
2026-08-19 07:04:42 | INFO | model_worker | Send heart beat. Models: ['LLaMA-Omni2-7B-Bilingual']. Semaphore: Semaphore(value=5, locked=False). global_counter: 4
2026-08-19 07:04:57 | INFO | model_worker | Send heart beat. Models: ['LLaMA-Omni2-7B-Bilingual']. Semaphore: Semaphore(value=5, locked=False). global_counter: 4
2026-08-19 07:05:12 | INFO | model_worker | Send heart beat. Models: ['LLaMA-Omni2-7B-Bilingual']. Semaphore: Semaphore(value=5, locked=False). global_counter: 4
2026-08-19 07:05:27 | INFO | model_worker | Send heart beat. Models: ['LLaMA-Omni2-7B-Bilingual']. Semaphore: Semaphore(value=5, locked=False). global_counter: 4
2026-08-19 07:05:42 | INFO | model_worker | Send heart beat. Models: ['LLaMA-Omni2-7B-Bilingual']. Semaphore: Semaphore(value=5, locked=False). global_counter: 4
2026-08-19 07:05:57 | INFO | model_worker | Send heart beat. Models: ['LLaMA-Omni2-7B-Bilingual']. Semaphore: Semaphore(value=5, locked=False). global_counter: 4
2026-08-19 07:06:12 | INFO | model_worker | Send heart beat. Models: ['LLaMA-Omni2-7B-Bilingual']. Semaphore: Semaphore(value=5, locked=False). global_counter: 4
2026-08-19 07:06:27 | INFO | model_worker | Send heart beat. Models: ['LLaMA-Omni2-7B-Bilingual']. Semaphore: Semaphore(value=5, locked=False). global_counter: 4
2026-08-19 07:06:42 | INFO | model_worker | Send heart beat. Models: ['LLaMA-Omni2-7B-Bilingual']. Semaphore: Semaphore(value=5, locked=False). global_counter: 4
2026-08-19 07:06:57 | INFO | model_worker | Send heart beat. Models: ['LLaMA-Omni2-7B-Bilingual']. Semaphore: Semaphore(value=5, locked=False). global_counter: 4
2026-08-19 07:07:12 | INFO | model_worker | Send heart beat. Models: ['LLaMA-Omni2-7B-Bilingual']. Semaphore: Semaphore(value=5, locked=False). global_counter: 4
2026-08-19 07:07:27 | INFO | model_worker | Send heart beat. Models: ['LLaMA-Omni2-7B-Bilingual']. Semaphore: Semaphore(value=5, locked=False). global_counter: 4
2026-08-19 07:07:42 | INFO | model_worker | Send heart beat. Models: ['LLaMA-Omni2-7B-Bilingual']. Semaphore: Semaphore(value=5, locked=False). global_counter: 4
2026-08-19 07:07:57 | INFO | model_worker | Send heart beat. Models: ['LLaMA-Omni2-7B-Bilingual']. Semaphore: Semaphore(value=5, locked=False). global_counter: 4
2026-08-19 07:08:12 | INFO | model_worker | Send heart beat. Models: ['LLaMA-Omni2-7B-Bilingual']. Semaphore: Semaphore(value=5, locked=False). global_counter: 4
2026-08-19 07:08:27 | INFO | model_worker | Send heart beat. Models: ['LLaMA-Omni2-7B-Bilingual']. Semaphore: Semaphore(value=5, locked=False). global_counter: 4
2026-08-19 07:08:42 | INFO | model_worker | Send heart beat. Models: ['LLaMA-Omni2-7B-Bilingual']. Semaphore: Semaphore(value=5, locked=False). global_counter: 4
2026-08-19 07:08:58 | INFO | model_worker | Send heart beat. Models: ['LLaMA-Omni2-7B-Bilingual']. Semaphore: Semaphore(value=5, locked=False). global_counter: 4
2026-08-19 07:09:13 | INFO | model_worker | Send heart beat. Models: ['LLaMA-Omni2-7B-Bilingual']. Semaphore: Semaphore(value=5, locked=False). global_counter: 4
2026-08-19 07:09:28 | INFO | model_worker | Send heart beat. Models: ['LLaMA-Omni2-7B-Bilingual']. Semaphore: Semaphore(value=5, locked=False). global_counter: 4
2026-08-19 07:09:43 | INFO | model_worker | Send heart beat. Models: ['LLaMA-Omni2-7B-Bilingual']. Semaphore: Semaphore(value=5, locked=False). global_counter: 4
2026-08-19 07:09:58 | INFO | model_worker | Send heart beat. Models: ['LLaMA-Omni2-7B-Bilingual']. Semaphore: Semaphore(value=5, locked=False). global_counter: 4
2026-08-19 07:10:13 | INFO | model_worker | Send heart beat. Models: ['LLaMA-Omni2-7B-Bilingual']. Semaphore: Semaphore(value=5, locked=False). global_counter: 4
2026-08-19 07:10:28 | INFO | model_worker | Send heart beat. Models: ['LLaMA-Omni2-7B-Bilingual']. Semaphore: Semaphore(value=5, locked=False). global_counter: 4
2026-08-19 07:10:43 | INFO | model_worker | Send heart beat. Models: ['LLaMA-Omni2-7B-Bilingual']. Semaphore: Semaphore(value=5, locked=False). global_counter: 4
2026-08-19 07:10:58 | INFO | model_worker | Send heart beat. Models: ['LLaMA-Omni2-7B-Bilingual']. Semaphore: Semaphore(value=5, locked=False). global_counter: 4
2026-08-19 07:11:13 | INFO | model_worker | Send heart beat. Models: ['LLaMA-Omni2-7B-Bilingual']. Semaphore: Semaphore(value=5, locked=False). global_counter: 4
2026-08-19 07:11:28 | INFO | model_worker | Send heart beat. Models: ['LLaMA-Omni2-7B-Bilingual']. Semaphore: Semaphore(value=5, locked=False). global_counter: 4
2026-08-19 07:11:43 | INFO | model_worker | Send heart beat. Models: ['LLaMA-Omni2-7B-Bilingual']. Semaphore: Semaphore(value=5, locked=False). global_counter: 4
2026-08-19 07:11:58 | INFO | model_worker | Send heart beat. Models: ['LLaMA-Omni2-7B-Bilingual']. Semaphore: Semaphore(value=5, locked=False). global_counter: 4
2026-08-19 07:12:13 | INFO | model_worker | Send heart beat. Models: ['LLaMA-Omni2-7B-Bilingual']. Semaphore: Semaphore(value=5, locked=False). global_counter: 4
2026-08-19 07:12:28 | INFO | model_worker | Send heart beat. Models: ['LLaMA-Omni2-7B-Bilingual']. Semaphore: Semaphore(value=5, locked=False). global_counter: 4
2026-08-19 07:12:43 | INFO | model_worker | Send heart beat. Models: ['LLaMA-Omni2-7B-Bilingual']. Semaphore: Semaphore(value=5, locked=False). global_counter: 4
2026-08-19 07:12:58 | INFO | model_worker | Send heart beat. Models: ['LLaMA-Omni2-7B-Bilingual']. Semaphore: Semaphore(value=5, locked=False). global_counter: 4
2026-08-19 07:13:13 | INFO | model_worker | Send heart beat. Models: ['LLaMA-Omni2-7B-Bilingual']. Semaphore: Semaphore(value=5, locked=False). global_counter: 4
2026-08-19 07:13:28 | INFO | model_worker | Send heart beat. Models: ['LLaMA-Omni2-7B-Bilingual']. Semaphore: Semaphore(value=5, locked=False). global_counter: 4
2026-08-19 07:13:43 | INFO | model_worker | Send heart beat. Models: ['LLaMA-Omni2-7B-Bilingual']. Semaphore: Semaphore(value=5, locked=False). global_counter: 4
2026-08-19 07:13:58 | INFO | model_worker | Send heart beat. Models: ['LLaMA-Omni2-7B-Bilingual']. Semaphore: Semaphore(value=5, locked=False). global_counter: 4
2026-08-19 07:14:13 | INFO | model_worker | Send heart beat. Models: ['LLaMA-Omni2-7B-Bilingual']. Semaphore: Semaphore(value=5, locked=False). global_counter: 4
2026-08-19 07:14:28 | INFO | model_worker | Send heart beat. Models: ['LLaMA-Omni2-7B-Bilingual']. Semaphore: Semaphore(value=5, locked=False). global_counter: 4
2026-08-19 07:14:43 | INFO | model_worker | Send heart beat. Models: ['LLaMA-Omni2-7B-Bilingual']. Semaphore: Semaphore(value=5, locked=False). global_counter: 4
2026-08-19 07:14:58 | INFO | model_worker | Send heart beat. Models: ['LLaMA-Omni2-7B-Bilingual']. Semaphore: Semaphore(value=5, locked=False). global_counter: 4
2026-08-19 07:15:13 | INFO | model_worker | Send heart beat. Models: ['LLaMA-Omni2-7B-Bilingual']. Semaphore: Semaphore(value=5, locked=False). global_counter: 4
2026-08-19 07:15:28 | INFO | model_worker | Send heart beat. Models: ['LLaMA-Omni2-7B-Bilingual']. Semaphore: Semaphore(value=5, locked=False). global_counter: 4
2026-08-19 07:15:43 | INFO | model_worker | Send heart beat. Models: ['LLaMA-Omni2-7B-Bilingual']. Semaphore: Semaphore(value=5, locked=False). global_counter: 4
2026-08-19 07:15:58 | INFO | model_worker | Send heart beat. Models: ['LLaMA-Omni2-7B-Bilingual']. Semaphore: Semaphore(value=5, locked=False). global_counter: 4
2026-08-19 07:16:13 | INFO | model_worker | Send heart beat. Models: ['LLaMA-Omni2-7B-Bilingual']. Semaphore: Semaphore(value=5, locked=False). global_counter: 4
2026-08-19 07:16:28 | INFO | model_worker | Send heart beat. Models: ['LLaMA-Omni2-7B-Bilingual']. Semaphore: Semaphore(value=5, locked=False). global_counter: 4
2026-08-19 07:16:43 | INFO | model_worker | Send heart beat. Models: ['LLaMA-Omni2-7B-Bilingual']. Semaphore: Semaphore(value=5, locked=False). global_counter: 4
2026-08-19 07:16:58 | INFO | model_worker | Send heart beat. Models: ['LLaMA-Omni2-7B-Bilingual']. Semaphore: Semaphore(value=5, locked=False). global_counter: 4
2026-08-19 07:17:13 | INFO | model_worker | Send heart beat. Models: ['LLaMA-Omni2-7B-Bilingual']. Semaphore: Semaphore(value=5, locked=False). global_counter: 4
2026-08-19 07:17:28 | INFO | model_worker | Send heart beat. Models: ['LLaMA-Omni2-7B-Bilingual']. Semaphore: Semaphore(value=5, locked=False). global_counter: 4
2026-08-19 07:17:43 | INFO | model_worker | Send heart beat. Models: ['LLaMA-Omni2-7B-Bilingual']. Semaphore: Semaphore(value=5, locked=False). global_counter: 4
2026-08-19 07:17:58 | INFO | model_worker | Send heart beat. Models: ['LLaMA-Omni2-7B-Bilingual']. Semaphore: Semaphore(value=5, locked=False). global_counter: 4
2026-08-19 07:18:13 | INFO | model_worker | Send heart beat. Models: ['LLaMA-Omni2-7B-Bilingual']. Semaphore: Semaphore(value=5, locked=False). global_counter: 4
2026-08-19 07:18:28 | INFO | model_worker | Send heart beat. Models: ['LLaMA-Omni2-7B-Bilingual']. Semaphore: Semaphore(value=5, locked=False). global_counter: 4
2026-08-19 07:18:43 | INFO | model_worker | Send heart beat. Models: ['LLaMA-Omni2-7B-Bilingual']. Semaphore: Semaphore(value=5, locked=False). global_counter: 4
2026-08-19 07:18:58 | INFO | model_worker | Send heart beat. Models: ['LLaMA-Omni2-7B-Bilingual']. Semaphore: Semaphore(value=5, locked=False). global_counter: 4
2026-08-19 07:19:13 | INFO | model_worker | Send heart beat. Models: ['LLaMA-Omni2-7B-Bilingual']. Semaphore: Semaphore(value=5, locked=False). global_counter: 4
2026-08-19 07:19:28 | INFO | model_worker | Send heart beat. Models: ['LLaMA-Omni2-7B-Bilingual']. Semaphore: Semaphore(value=5, locked=False). global_counter: 4
2026-08-19 07:19:43 | INFO | model_worker | Send heart beat. Models: ['LLaMA-Omni2-7B-Bilingual']. Semaphore: Semaphore(value=5, locked=False). global_counter: 4
2026-08-19 07:19:58 | INFO | model_worker | Send heart beat. Models: ['LLaMA-Omni2-7B-Bilingual']. Semaphore: Semaphore(value=5, locked=False). global_counter: 4
2026-08-19 07:20:13 | INFO | model_worker | Send heart beat. Models: ['LLaMA-Omni2-7B-Bilingual']. Semaphore: Semaphore(value=5, locked=False). global_counter: 4
2026-08-19 07:20:28 | INFO | model_worker | Send heart beat. Models: ['LLaMA-Omni2-7B-Bilingual']. Semaphore: Semaphore(value=5, locked=False). global_counter: 4
2026-08-19 07:20:43 | INFO | model_worker | Send heart beat. Models: ['LLaMA-Omni2-7B-Bilingual']. Semaphore: Semaphore(value=5, locked=False). global_counter: 4
2026-08-19 07:20:58 | INFO | model_worker | Send heart beat. Models: ['LLaMA-Omni2-7B-Bilingual']. Semaphore: Semaphore(value=5, locked=False). global_counter: 4
2026-08-19 07:21:13 | INFO | model_worker | Send heart beat. Models: ['LLaMA-Omni2-7B-Bilingual']. Semaphore: Semaphore(value=5, locked=False). global_counter: 4
2026-08-19 07:21:28 | INFO | model_worker | Send heart beat. Models: ['LLaMA-Omni2-7B-Bilingual']. Semaphore: Semaphore(value=5, locked=False). global_counter: 4
2026-08-19 07:21:43 | INFO | model_worker | Send heart beat. Models: ['LLaMA-Omni2-7B-Bilingual']. Semaphore: Semaphore(value=5, locked=False). global_counter: 4
2026-08-19 07:21:59 | INFO | model_worker | Send heart beat. Models: ['LLaMA-Omni2-7B-Bilingual']. Semaphore: Semaphore(value=5, locked=False). global_counter: 4
2026-08-19 07:22:14 | INFO | model_worker | Send heart beat. Models: ['LLaMA-Omni2-7B-Bilingual']. Semaphore: Semaphore(value=5, locked=False). global_counter: 4
2026-08-19 07:22:29 | INFO | model_worker | Send heart beat. Models: ['LLaMA-Omni2-7B-Bilingual']. Semaphore: Semaphore(value=5, locked=False). global_counter: 4
2026-08-19 07:22:44 | INFO | model_worker | Send heart beat. Models: ['LLaMA-Omni2-7B-Bilingual']. Semaphore: Semaphore(value=5, locked=False). global_counter: 4
2026-08-19 07:22:59 | INFO | model_worker | Send heart beat. Models: ['LLaMA-Omni2-7B-Bilingual']. Semaphore: Semaphore(value=5, locked=False). global_counter: 4
2026-08-19 07:23:14 | INFO | model_worker | Send heart beat. Models: ['LLaMA-Omni2-7B-Bilingual']. Semaphore: Semaphore(value=5, locked=False). global_counter: 4
2026-08-19 07:23:29 | INFO | model_worker | Send heart beat. Models: ['LLaMA-Omni2-7B-Bilingual']. Semaphore: Semaphore(value=5, locked=False). global_counter: 4
2026-08-19 07:23:44 | INFO | model_worker | Send heart beat. Models: ['LLaMA-Omni2-7B-Bilingual']. Semaphore: Semaphore(value=5, locked=False). global_counter: 4
2026-08-19 07:23:59 | INFO | model_worker | Send heart beat. Models: ['LLaMA-Omni2-7B-Bilingual']. Semaphore: Semaphore(value=5, locked=False). global_counter: 4
2026-08-19 07:24:14 | INFO | model_worker | Send heart beat. Models: ['LLaMA-Omni2-7B-Bilingual']. Semaphore: Semaphore(value=5, locked=False). global_counter: 4
2026-08-19 07:24:29 | INFO | model_worker | Send heart beat. Models: ['LLaMA-Omni2-7B-Bilingual']. Semaphore: Semaphore(value=5, locked=False). global_counter: 4
2026-08-19 07:24:44 | INFO | model_worker | Send heart beat. Models: ['LLaMA-Omni2-7B-Bilingual']. Semaphore: Semaphore(value=5, locked=False). global_counter: 4
2026-08-19 07:24:59 | INFO | model_worker | Send heart beat. Models: ['LLaMA-Omni2-7B-Bilingual']. Semaphore: Semaphore(value=5, locked=False). global_counter: 4
2026-08-19 07:25:14 | INFO | model_worker | Send heart beat. Models: ['LLaMA-Omni2-7B-Bilingual']. Semaphore: Semaphore(value=5, locked=False). global_counter: 4
2026-08-19 07:25:29 | INFO | model_worker | Send heart beat. Models: ['LLaMA-Omni2-7B-Bilingual']. Semaphore: Semaphore(value=5, locked=False). global_counter: 4
2026-08-19 07:25:44 | INFO | model_worker | Send heart beat. Models: ['LLaMA-Omni2-7B-Bilingual']. Semaphore: Semaphore(value=5, locked=False). global_counter: 4
2026-08-19 07:25:59 | INFO | model_worker | Send heart beat. Models: ['LLaMA-Omni2-7B-Bilingual']. Semaphore: Semaphore(value=5, locked=False). global_counter: 4
2026-08-19 07:26:14 | INFO | model_worker | Send heart beat. Models: ['LLaMA-Omni2-7B-Bilingual']. Semaphore: Semaphore(value=5, locked=False). global_counter: 4
2026-08-19 07:26:29 | INFO | model_worker | Send heart beat. Models: ['LLaMA-Omni2-7B-Bilingual']. Semaphore: Semaphore(value=5, locked=False). global_counter: 4
2026-08-19 07:26:44 | INFO | model_worker | Send heart beat. Models: ['LLaMA-Omni2-7B-Bilingual']. Semaphore: Semaphore(value=5, locked=False). global_counter: 4
2026-08-19 07:26:59 | INFO | model_worker | Send heart beat. Models: ['LLaMA-Omni2-7B-Bilingual']. Semaphore: Semaphore(value=5, locked=False). global_counter: 4
2026-08-19 07:27:14 | INFO | model_worker | Send heart beat. Models: ['LLaMA-Omni2-7B-Bilingual']. Semaphore: Semaphore(value=5, locked=False). global_counter: 4
2026-08-19 07:27:29 | INFO | model_worker | Send heart beat. Models: ['LLaMA-Omni2-7B-Bilingual']. Semaphore: Semaphore(value=5, locked=False). global_counter: 4
2026-08-19 07:27:44 | INFO | model_worker | Send heart beat. Models: ['LLaMA-Omni2-7B-Bilingual']. Semaphore: Semaphore(value=5, locked=False). global_counter: 4
2026-08-19 07:27:59 | INFO | model_worker | Send heart beat. Models: ['LLaMA-Omni2-7B-Bilingual']. Semaphore: Semaphore(value=5, locked=False). global_counter: 4
2026-08-19 07:28:14 | INFO | model_worker | Send heart beat. Models: ['LLaMA-Omni2-7B-Bilingual']. Semaphore: Semaphore(value=5, locked=False). global_counter: 4
2026-08-19 07:28:29 | INFO | model_worker | Send heart beat. Models: ['LLaMA-Omni2-7B-Bilingual']. Semaphore: Semaphore(value=5, locked=False). global_counter: 4
2026-08-19 07:28:44 | INFO | model_worker | Send heart beat. Models: ['LLaMA-Omni2-7B-Bilingual']. Semaphore: Semaphore(value=5, locked=False). global_counter: 4
2026-08-19 07:28:59 | INFO | model_worker | Send heart beat. Models: ['LLaMA-Omni2-7B-Bilingual']. Semaphore: Semaphore(value=5, locked=False). global_counter: 4
2026-08-19 07:29:14 | INFO | model_worker | Send heart beat. Models: ['LLaMA-Omni2-7B-Bilingual']. Semaphore: Semaphore(value=5, locked=False). global_counter: 4
2026-08-19 07:29:29 | INFO | model_worker | Send heart beat. Models: ['LLaMA-Omni2-7B-Bilingual']. Semaphore: Semaphore(value=5, locked=False). global_counter: 4
2026-08-19 07:29:44 | INFO | model_worker | Send heart beat. Models: ['LLaMA-Omni2-7B-Bilingual']. Semaphore: Semaphore(value=5, locked=False). global_counter: 4
2026-08-19 07:29:59 | INFO | model_worker | Send heart beat. Models: ['LLaMA-Omni2-7B-Bilingual']. Semaphore: Semaphore(value=5, locked=False). global_counter: 4
2026-08-19 07:30:14 | INFO | model_worker | Send heart beat. Models: ['LLaMA-Omni2-7B-Bilingual']. Semaphore: Semaphore(value=5, locked=False). global_counter: 4
2026-08-19 07:30:29 | INFO | model_worker | Send heart beat. Models: ['LLaMA-Omni2-7B-Bilingual']. Semaphore: Semaphore(value=5, locked=False). global_counter: 4
2026-08-19 07:30:44 | INFO | model_worker | Send heart beat. Models: ['LLaMA-Omni2-7B-Bilingual']. Semaphore: Semaphore(value=5, locked=False). global_counter: 4
2026-08-19 07:30:59 | INFO | model_worker | Send heart beat. Models: ['LLaMA-Omni2-7B-Bilingual']. Semaphore: Semaphore(value=5, locked=False). global_counter: 4
2026-08-19 07:31:14 | INFO | model_worker | Send heart beat. Models: ['LLaMA-Omni2-7B-Bilingual']. Semaphore: Semaphore(value=5, locked=False). global_counter: 4
2026-08-19 07:31:29 | INFO | model_worker | Send heart beat. Models: ['LLaMA-Omni2-7B-Bilingual']. Semaphore: Semaphore(value=5, locked=False). global_counter: 4
2026-08-19 07:31:44 | INFO | model_worker | Send heart beat. Models: ['LLaMA-Omni2-7B-Bilingual']. Semaphore: Semaphore(value=5, locked=False). global_counter: 4
2026-08-19 07:31:59 | INFO | model_worker | Send heart beat. Models: ['LLaMA-Omni2-7B-Bilingual']. Semaphore: Semaphore(value=5, locked=False). global_counter: 4
2026-08-19 07:32:14 | INFO | model_worker | Send heart beat. Models: ['LLaMA-Omni2-7B-Bilingual']. Semaphore: Semaphore(value=5, locked=False). global_counter: 4
2026-08-19 07:32:29 | INFO | model_worker | Send heart beat. Models: ['LLaMA-Omni2-7B-Bilingual']. Semaphore: Semaphore(value=5, locked=False). global_counter: 4
2026-08-19 07:32:44 | INFO | model_worker | Send heart beat. Models: ['LLaMA-Omni2-7B-Bilingual']. Semaphore: Semaphore(value=5, locked=False). global_counter: 4
2026-08-19 07:32:59 | INFO | model_worker | Send heart beat. Models: ['LLaMA-Omni2-7B-Bilingual']. Semaphore: Semaphore(value=5, locked=False). global_counter: 4
2026-08-19 07:33:14 | INFO | model_worker | Send heart beat. Models: ['LLaMA-Omni2-7B-Bilingual']. Semaphore: Semaphore(value=5, locked=False). global_counter: 4
2026-08-19 07:33:29 | INFO | model_worker | Send heart beat. Models: ['LLaMA-Omni2-7B-Bilingual']. Semaphore: Semaphore(value=5, locked=False). global_counter: 4
2026-08-19 07:33:44 | INFO | model_worker | Send heart beat. Models: ['LLaMA-Omni2-7B-Bilingual']. Semaphore: Semaphore(value=5, locked=False). global_counter: 4
2026-08-19 07:33:59 | INFO | model_worker | Send heart beat. Models: ['LLaMA-Omni2-7B-Bilingual']. Semaphore: Semaphore(value=5, locked=False). global_counter: 4
2026-08-19 07:34:14 | INFO | model_worker | Send heart beat. Models: ['LLaMA-Omni2-7B-Bilingual']. Semaphore: Semaphore(value=5, locked=False). global_counter: 4
2026-08-19 07:34:29 | INFO | model_worker | Send heart beat. Models: ['LLaMA-Omni2-7B-Bilingual']. Semaphore: Semaphore(value=5, locked=False). global_counter: 4
2026-08-19 07:34:45 | INFO | model_worker | Send heart beat. Models: ['LLaMA-Omni2-7B-Bilingual']. Semaphore: Semaphore(value=5, locked=False). global_counter: 4
2026-08-19 07:35:00 | INFO | model_worker | Send heart beat. Models: ['LLaMA-Omni2-7B-Bilingual']. Semaphore: Semaphore(value=5, locked=False). global_counter: 4
2026-08-19 07:35:15 | INFO | model_worker | Send heart beat. Models: ['LLaMA-Omni2-7B-Bilingual']. Semaphore: Semaphore(value=5, locked=False). global_counter: 4
2026-08-19 07:35:30 | INFO | model_worker | Send heart beat. Models: ['LLaMA-Omni2-7B-Bilingual']. Semaphore: Semaphore(value=5, locked=False). global_counter: 4
2026-08-19 07:35:45 | INFO | model_worker | Send heart beat. Models: ['LLaMA-Omni2-7B-Bilingual']. Semaphore: Semaphore(value=5, locked=False). global_counter: 4
2026-08-19 07:36:00 | INFO | model_worker | Send heart beat. Models: ['LLaMA-Omni2-7B-Bilingual']. Semaphore: Semaphore(value=5, locked=False). global_counter: 4
2026-08-19 07:36:15 | INFO | model_worker | Send heart beat. Models: ['LLaMA-Omni2-7B-Bilingual']. Semaphore: Semaphore(value=5, locked=False). global_counter: 4
2026-08-19 07:36:30 | INFO | model_worker | Send heart beat. Models: ['LLaMA-Omni2-7B-Bilingual']. Semaphore: Semaphore(value=5, locked=False). global_counter: 4
2026-08-19 07:36:45 | INFO | model_worker | Send heart beat. Models: ['LLaMA-Omni2-7B-Bilingual']. Semaphore: Semaphore(value=5, locked=False). global_counter: 4
2026-08-19 07:37:00 | INFO | model_worker | Send heart beat. Models: ['LLaMA-Omni2-7B-Bilingual']. Semaphore: Semaphore(value=5, locked=False). global_counter: 4
2026-08-19 07:37:15 | INFO | model_worker | Send heart beat. Models: ['LLaMA-Omni2-7B-Bilingual']. Semaphore: Semaphore(value=5, locked=False). global_counter: 4
2026-08-19 07:37:30 | INFO | model_worker | Send heart beat. Models: ['LLaMA-Omni2-7B-Bilingual']. Semaphore: Semaphore(value=5, locked=False). global_counter: 4
2026-08-19 07:37:45 | INFO | model_worker | Send heart beat. Models: ['LLaMA-Omni2-7B-Bilingual']. Semaphore: Semaphore(value=5, locked=False). global_counter: 4
2026-08-19 07:38:00 | INFO | model_worker | Send heart beat. Models: ['LLaMA-Omni2-7B-Bilingual']. Semaphore: Semaphore(value=5, locked=False). global_counter: 4
2026-08-19 07:38:15 | INFO | model_worker | Send heart beat. Models: ['LLaMA-Omni2-7B-Bilingual']. Semaphore: Semaphore(value=5, locked=False). global_counter: 4
2026-08-19 07:38:30 | INFO | model_worker | Send heart beat. Models: ['LLaMA-Omni2-7B-Bilingual']. Semaphore: Semaphore(value=5, locked=False). global_counter: 4
2026-08-19 07:38:45 | INFO | model_worker | Send heart beat. Models: ['LLaMA-Omni2-7B-Bilingual']. Semaphore: Semaphore(value=5, locked=False). global_counter: 4
2026-08-19 07:39:00 | INFO | model_worker | Send heart beat. Models: ['LLaMA-Omni2-7B-Bilingual']. Semaphore: Semaphore(value=5, locked=False). global_counter: 4
2026-08-19 07:39:15 | INFO | model_worker | Send heart beat. Models: ['LLaMA-Omni2-7B-Bilingual']. Semaphore: Semaphore(value=5, locked=False). global_counter: 4
2026-08-19 07:39:30 | INFO | model_worker | Send heart beat. Models: ['LLaMA-Omni2-7B-Bilingual']. Semaphore: Semaphore(value=5, locked=False). global_counter: 4
2026-08-19 07:39:45 | INFO | model_worker | Send heart beat. Models: ['LLaMA-Omni2-7B-Bilingual']. Semaphore: Semaphore(value=5, locked=False). global_counter: 4
2026-08-19 07:40:00 | INFO | model_worker | Send heart beat. Models: ['LLaMA-Omni2-7B-Bilingual']. Semaphore: Semaphore(value=5, locked=False). global_counter: 4
2026-08-19 07:40:15 | INFO | model_worker | Send heart beat. Models: ['LLaMA-Omni2-7B-Bilingual']. Semaphore: Semaphore(value=5, locked=False). global_counter: 4
2026-08-19 07:40:30 | INFO | model_worker | Send heart beat. Models: ['LLaMA-Omni2-7B-Bilingual']. Semaphore: Semaphore(value=5, locked=False). global_counter: 4
2026-08-19 07:40:45 | INFO | model_worker | Send heart beat. Models: ['LLaMA-Omni2-7B-Bilingual']. Semaphore: Semaphore(value=5, locked=False). global_counter: 4
2026-08-19 07:41:00 | INFO | model_worker | Send heart beat. Models: ['LLaMA-Omni2-7B-Bilingual']. Semaphore: Semaphore(value=5, locked=False). global_counter: 4
2026-08-19 07:41:15 | INFO | model_worker | Send heart beat. Models: ['LLaMA-Omni2-7B-Bilingual']. Semaphore: Semaphore(value=5, locked=False). global_counter: 4
2026-08-19 07:41:30 | INFO | model_worker | Send heart beat. Models: ['LLaMA-Omni2-7B-Bilingual']. Semaphore: Semaphore(value=5, locked=False). global_counter: 4
2026-08-19 07:41:45 | INFO | model_worker | Send heart beat. Models: ['LLaMA-Omni2-7B-Bilingual']. Semaphore: Semaphore(value=5, locked=False). global_counter: 4
2026-08-19 07:42:00 | INFO | model_worker | Send heart beat. Models: ['LLaMA-Omni2-7B-Bilingual']. Semaphore: Semaphore(value=5, locked=False). global_counter: 4
2026-08-19 07:42:15 | INFO | model_worker | Send heart beat. Models: ['LLaMA-Omni2-7B-Bilingual']. Semaphore: Semaphore(value=5, locked=False). global_counter: 4
2026-08-19 07:42:30 | INFO | model_worker | Send heart beat. Models: ['LLaMA-Omni2-7B-Bilingual']. Semaphore: Semaphore(value=5, locked=False). global_counter: 4
2026-08-19 07:42:45 | INFO | model_worker | Send heart beat. Models: ['LLaMA-Omni2-7B-Bilingual']. Semaphore: Semaphore(value=5, locked=False). global_counter: 4
2026-08-19 07:43:00 | INFO | model_worker | Send heart beat. Models: ['LLaMA-Omni2-7B-Bilingual']. Semaphore: Semaphore(value=5, locked=False). global_counter: 4
2026-08-19 07:43:15 | INFO | model_worker | Send heart beat. Models: ['LLaMA-Omni2-7B-Bilingual']. Semaphore: Semaphore(value=5, locked=False). global_counter: 4
2026-08-19 07:43:30 | INFO | model_worker | Send heart beat. Models: ['LLaMA-Omni2-7B-Bilingual']. Semaphore: Semaphore(value=5, locked=False). global_counter: 4
2026-08-19 07:43:45 | INFO | model_worker | Send heart beat. Models: ['LLaMA-Omni2-7B-Bilingual']. Semaphore: Semaphore(value=5, locked=False). global_counter: 4
2026-08-19 07:44:00 | INFO | model_worker | Send heart beat. Models: ['LLaMA-Omni2-7B-Bilingual']. Semaphore: Semaphore(value=5, locked=False). global_counter: 4
2026-08-19 07:44:15 | INFO | model_worker | Send heart beat. Models: ['LLaMA-Omni2-7B-Bilingual']. Semaphore: Semaphore(value=5, locked=False). global_counter: 4
2026-08-19 07:44:30 | INFO | model_worker | Send heart beat. Models: ['LLaMA-Omni2-7B-Bilingual']. Semaphore: Semaphore(value=5, locked=False). global_counter: 4
2026-08-19 07:44:45 | INFO | model_worker | Send heart beat. Models: ['LLaMA-Omni2-7B-Bilingual']. Semaphore: Semaphore(value=5, locked=False). global_counter: 4
2026-08-19 07:45:00 | INFO | model_worker | Send heart beat. Models: ['LLaMA-Omni2-7B-Bilingual']. Semaphore: Semaphore(value=5, locked=False). global_counter: 4
2026-08-19 07:45:15 | INFO | model_worker | Send heart beat. Models: ['LLaMA-Omni2-7B-Bilingual']. Semaphore: Semaphore(value=5, locked=False). global_counter: 4
2026-08-19 07:45:30 | INFO | model_worker | Send heart beat. Models: ['LLaMA-Omni2-7B-Bilingual']. Semaphore: Semaphore(value=5, locked=False). global_counter: 4
2026-08-19 07:45:45 | INFO | model_worker | Send heart beat. Models: ['LLaMA-Omni2-7B-Bilingual']. Semaphore: Semaphore(value=5, locked=False). global_counter: 4
2026-08-19 07:46:00 | INFO | model_worker | Send heart beat. Models: ['LLaMA-Omni2-7B-Bilingual']. Semaphore: Semaphore(value=5, locked=False). global_counter: 4
2026-08-19 07:46:15 | INFO | model_worker | Send heart beat. Models: ['LLaMA-Omni2-7B-Bilingual']. Semaphore: Semaphore(value=5, locked=False). global_counter: 4
2026-08-19 07:46:30 | INFO | model_worker | Send heart beat. Models: ['LLaMA-Omni2-7B-Bilingual']. Semaphore: Semaphore(value=5, locked=False). global_counter: 4
2026-08-19 07:46:45 | INFO | model_worker | Send heart beat. Models: ['LLaMA-Omni2-7B-Bilingual']. Semaphore: Semaphore(value=5, locked=False). global_counter: 4
2026-08-19 07:47:00 | INFO | model_worker | Send heart beat. Models: ['LLaMA-Omni2-7B-Bilingual']. Semaphore: Semaphore(value=5, locked=False). global_counter: 4
2026-08-19 07:47:15 | INFO | model_worker | Send heart beat. Models: ['LLaMA-Omni2-7B-Bilingual']. Semaphore: Semaphore(value=5, locked=False). global_counter: 4
2026-08-19 07:47:30 | INFO | model_worker | Send heart beat. Models: ['LLaMA-Omni2-7B-Bilingual']. Semaphore: Semaphore(value=5, locked=False). global_counter: 4
2026-08-19 07:47:45 | INFO | model_worker | Send heart beat. Models: ['LLaMA-Omni2-7B-Bilingual']. Semaphore: Semaphore(value=5, locked=False). global_counter: 4
2026-08-19 07:48:01 | INFO | model_worker | Send heart beat. Models: ['LLaMA-Omni2-7B-Bilingual']. Semaphore: Semaphore(value=5, locked=False). global_counter: 4
2026-08-19 07:48:16 | INFO | model_worker | Send heart beat. Models: ['LLaMA-Omni2-7B-Bilingual']. Semaphore: Semaphore(value=5, locked=False). global_counter: 4
2026-08-19 07:48:31 | INFO | model_worker | Send heart beat. Models: ['LLaMA-Omni2-7B-Bilingual']. Semaphore: Semaphore(value=5, locked=False). global_counter: 4
2026-08-19 07:48:46 | INFO | model_worker | Send heart beat. Models: ['LLaMA-Omni2-7B-Bilingual']. Semaphore: Semaphore(value=5, locked=False). global_counter: 4
2026-08-19 07:49:01 | INFO | model_worker | Send heart beat. Models: ['LLaMA-Omni2-7B-Bilingual']. Semaphore: Semaphore(value=5, locked=False). global_counter: 4
2026-08-19 07:49:16 | INFO | model_worker | Send heart beat. Models: ['LLaMA-Omni2-7B-Bilingual']. Semaphore: Semaphore(value=5, locked=False). global_counter: 4
2026-08-19 07:49:31 | INFO | model_worker | Send heart beat. Models: ['LLaMA-Omni2-7B-Bilingual']. Semaphore: Semaphore(value=5, locked=False). global_counter: 4
2026-08-19 07:49:46 | INFO | model_worker | Send heart beat. Models: ['LLaMA-Omni2-7B-Bilingual']. Semaphore: Semaphore(value=5, locked=False). global_counter: 4
2026-08-19 07:50:01 | INFO | model_worker | Send heart beat. Models: ['LLaMA-Omni2-7B-Bilingual']. Semaphore: Semaphore(value=5, locked=False). global_counter: 4
2026-08-19 07:50:16 | INFO | model_worker | Send heart beat. Models: ['LLaMA-Omni2-7B-Bilingual']. Semaphore: Semaphore(value=5, locked=False). global_counter: 4
2026-08-19 07:50:31 | INFO | model_worker | Send heart beat. Models: ['LLaMA-Omni2-7B-Bilingual']. Semaphore: Semaphore(value=5, locked=False). global_counter: 4
2026-08-19 07:50:46 | INFO | model_worker | Send heart beat. Models: ['LLaMA-Omni2-7B-Bilingual']. Semaphore: Semaphore(value=5, locked=False). global_counter: 4
2026-08-19 07:51:01 | INFO | model_worker | Send heart beat. Models: ['LLaMA-Omni2-7B-Bilingual']. Semaphore: Semaphore(value=5, locked=False). global_counter: 4
2026-08-19 07:51:16 | INFO | model_worker | Send heart beat. Models: ['LLaMA-Omni2-7B-Bilingual']. Semaphore: Semaphore(value=5, locked=False). global_counter: 4
2026-08-19 07:51:31 | INFO | model_worker | Send heart beat. Models: ['LLaMA-Omni2-7B-Bilingual']. Semaphore: Semaphore(value=5, locked=False). global_counter: 4
2026-08-19 07:51:46 | INFO | model_worker | Send heart beat. Models: ['LLaMA-Omni2-7B-Bilingual']. Semaphore: Semaphore(value=5, locked=False). global_counter: 4
2026-08-19 07:52:01 | INFO | model_worker | Send heart beat. Models: ['LLaMA-Omni2-7B-Bilingual']. Semaphore: Semaphore(value=5, locked=False). global_counter: 4
2026-08-19 07:52:16 | INFO | model_worker | Send heart beat. Models: ['LLaMA-Omni2-7B-Bilingual']. Semaphore: Semaphore(value=5, locked=False). global_counter: 4
2026-08-19 07:52:31 | INFO | model_worker | Send heart beat. Models: ['LLaMA-Omni2-7B-Bilingual']. Semaphore: Semaphore(value=5, locked=False). global_counter: 4
2026-08-19 07:52:46 | INFO | model_worker | Send heart beat. Models: ['LLaMA-Omni2-7B-Bilingual']. Semaphore: Semaphore(value=5, locked=False). global_counter: 4
2026-08-19 07:53:01 | INFO | model_worker | Send heart beat. Models: ['LLaMA-Omni2-7B-Bilingual']. Semaphore: Semaphore(value=5, locked=False). global_counter: 4
2026-08-19 07:53:16 | INFO | model_worker | Send heart beat. Models: ['LLaMA-Omni2-7B-Bilingual']. Semaphore: Semaphore(value=5, locked=False). global_counter: 4
2026-08-19 07:53:31 | INFO | model_worker | Send heart beat. Models: ['LLaMA-Omni2-7B-Bilingual']. Semaphore: Semaphore(value=5, locked=False). global_counter: 4
2026-08-19 07:53:46 | INFO | model_worker | Send heart beat. Models: ['LLaMA-Omni2-7B-Bilingual']. Semaphore: Semaphore(value=5, locked=False). global_counter: 4
2026-08-19 07:54:01 | INFO | model_worker | Send heart beat. Models: ['LLaMA-Omni2-7B-Bilingual']. Semaphore: Semaphore(value=5, locked=False). global_counter: 4
2026-08-19 07:54:16 | INFO | model_worker | Send heart beat. Models: ['LLaMA-Omni2-7B-Bilingual']. Semaphore: Semaphore(value=5, locked=False). global_counter: 4
2026-08-19 07:54:31 | INFO | model_worker | Send heart beat. Models: ['LLaMA-Omni2-7B-Bilingual']. Semaphore: Semaphore(value=5, locked=False). global_counter: 4
2026-08-19 07:54:46 | INFO | model_worker | Send heart beat. Models: ['LLaMA-Omni2-7B-Bilingual']. Semaphore: Semaphore(value=5, locked=False). global_counter: 4
2026-08-19 07:55:01 | INFO | model_worker | Send heart beat. Models: ['LLaMA-Omni2-7B-Bilingual']. Semaphore: Semaphore(value=5, locked=False). global_counter: 4
2026-08-19 07:55:16 | INFO | model_worker | Send heart beat. Models: ['LLaMA-Omni2-7B-Bilingual']. Semaphore: Semaphore(value=5, locked=False). global_counter: 4
2026-08-19 07:55:31 | INFO | model_worker | Send heart beat. Models: ['LLaMA-Omni2-7B-Bilingual']. Semaphore: Semaphore(value=5, locked=False). global_counter: 4
2026-08-19 07:55:46 | INFO | model_worker | Send heart beat. Models: ['LLaMA-Omni2-7B-Bilingual']. Semaphore: Semaphore(value=5, locked=False). global_counter: 4
2026-08-19 07:56:01 | INFO | model_worker | Send heart beat. Models: ['LLaMA-Omni2-7B-Bilingual']. Semaphore: Semaphore(value=5, locked=False). global_counter: 4
2026-08-19 07:56:16 | INFO | model_worker | Send heart beat. Models: ['LLaMA-Omni2-7B-Bilingual']. Semaphore: Semaphore(value=5, locked=False). global_counter: 4
2026-08-19 07:56:31 | INFO | model_worker | Send heart beat. Models: ['LLaMA-Omni2-7B-Bilingual']. Semaphore: Semaphore(value=5, locked=False). global_counter: 4
2026-08-19 07:56:46 | INFO | model_worker | Send heart beat. Models: ['LLaMA-Omni2-7B-Bilingual']. Semaphore: Semaphore(value=5, locked=False). global_counter: 4
2026-08-19 07:57:01 | INFO | model_worker | Send heart beat. Models: ['LLaMA-Omni2-7B-Bilingual']. Semaphore: Semaphore(value=5, locked=False). global_counter: 4
2026-08-19 07:57:16 | INFO | model_worker | Send heart beat. Models: ['LLaMA-Omni2-7B-Bilingual']. Semaphore: Semaphore(value=5, locked=False). global_counter: 4
2026-08-19 07:57:31 | INFO | model_worker | Send heart beat. Models: ['LLaMA-Omni2-7B-Bilingual']. Semaphore: Semaphore(value=5, locked=False). global_counter: 4
2026-08-19 07:57:46 | INFO | model_worker | Send heart beat. Models: ['LLaMA-Omni2-7B-Bilingual']. Semaphore: Semaphore(value=5, locked=False). global_counter: 4
2026-08-19 07:58:01 | INFO | model_worker | Send heart beat. Models: ['LLaMA-Omni2-7B-Bilingual']. Semaphore: Semaphore(value=5, locked=False). global_counter: 4
2026-08-19 07:58:16 | INFO | model_worker | Send heart beat. Models: ['LLaMA-Omni2-7B-Bilingual']. Semaphore: Semaphore(value=5, locked=False). global_counter: 4
2026-08-19 07:58:31 | INFO | model_worker | Send heart beat. Models: ['LLaMA-Omni2-7B-Bilingual']. Semaphore: Semaphore(value=5, locked=False). global_counter: 4
2026-08-19 07:58:46 | INFO | model_worker | Send heart beat. Models: ['LLaMA-Omni2-7B-Bilingual']. Semaphore: Semaphore(value=5, locked=False). global_counter: 4
2026-08-19 07:59:01 | INFO | model_worker | Send heart beat. Models: ['LLaMA-Omni2-7B-Bilingual']. Semaphore: Semaphore(value=5, locked=False). global_counter: 4
2026-08-19 07:59:16 | INFO | model_worker | Send heart beat. Models: ['LLaMA-Omni2-7B-Bilingual']. Semaphore: Semaphore(value=5, locked=False). global_counter: 4
2026-08-19 07:59:31 | INFO | model_worker | Send heart beat. Models: ['LLaMA-Omni2-7B-Bilingual']. Semaphore: Semaphore(value=5, locked=False). global_counter: 4
2026-08-19 07:59:46 | INFO | model_worker | Send heart beat. Models: ['LLaMA-Omni2-7B-Bilingual']. Semaphore: Semaphore(value=5, locked=False). global_counter: 4
2026-08-19 08:00:01 | INFO | model_worker | Send heart beat. Models: ['LLaMA-Omni2-7B-Bilingual']. Semaphore: Semaphore(value=5, locked=False). global_counter: 4
2026-08-19 08:00:16 | INFO | model_worker | Send heart beat. Models: ['LLaMA-Omni2-7B-Bilingual']. Semaphore: Semaphore(value=5, locked=False). global_counter: 4
2026-08-19 08:00:31 | INFO | model_worker | Send heart beat. Models: ['LLaMA-Omni2-7B-Bilingual']. Semaphore: Semaphore(value=5, locked=False). global_counter: 4
2026-08-19 08:00:47 | INFO | model_worker | Send heart beat. Models: ['LLaMA-Omni2-7B-Bilingual']. Semaphore: Semaphore(value=5, locked=False). global_counter: 4
2026-08-19 08:01:02 | INFO | model_worker | Send heart beat. Models: ['LLaMA-Omni2-7B-Bilingual']. Semaphore: Semaphore(value=5, locked=False). global_counter: 4
2026-08-19 08:01:17 | INFO | model_worker | Send heart beat. Models: ['LLaMA-Omni2-7B-Bilingual']. Semaphore: Semaphore(value=5, locked=False). global_counter: 4
2026-08-19 08:01:32 | INFO | model_worker | Send heart beat. Models: ['LLaMA-Omni2-7B-Bilingual']. Semaphore: Semaphore(value=5, locked=False). global_counter: 4
2026-08-19 08:01:47 | INFO | model_worker | Send heart beat. Models: ['LLaMA-Omni2-7B-Bilingual']. Semaphore: Semaphore(value=5, locked=False). global_counter: 4
2026-08-19 08:02:02 | INFO | model_worker | Send heart beat. Models: ['LLaMA-Omni2-7B-Bilingual']. Semaphore: Semaphore(value=5, locked=False). global_counter: 4
2026-08-19 08:02:17 | INFO | model_worker | Send heart beat. Models: ['LLaMA-Omni2-7B-Bilingual']. Semaphore: Semaphore(value=5, locked=False). global_counter: 4
2026-08-19 08:02:32 | INFO | model_worker | Send heart beat. Models: ['LLaMA-Omni2-7B-Bilingual']. Semaphore: Semaphore(value=5, locked=False). global_counter: 4
2026-08-19 08:02:47 | INFO | model_worker | Send heart beat. Models: ['LLaMA-Omni2-7B-Bilingual']. Semaphore: Semaphore(value=5, locked=False). global_counter: 4
2026-08-19 08:03:02 | INFO | model_worker | Send heart beat. Models: ['LLaMA-Omni2-7B-Bilingual']. Semaphore: Semaphore(value=5, locked=False). global_counter: 4
2026-08-19 08:03:17 | INFO | model_worker | Send heart beat. Models: ['LLaMA-Omni2-7B-Bilingual']. Semaphore: Semaphore(value=5, locked=False). global_counter: 4
2026-08-19 08:03:32 | INFO | model_worker | Send heart beat. Models: ['LLaMA-Omni2-7B-Bilingual']. Semaphore: Semaphore(value=5, locked=False). global_counter: 4
2026-08-19 08:03:47 | INFO | model_worker | Send heart beat. Models: ['LLaMA-Omni2-7B-Bilingual']. Semaphore: Semaphore(value=5, locked=False). global_counter: 4
2026-08-19 08:04:02 | INFO | model_worker | Send heart beat. Models: ['LLaMA-Omni2-7B-Bilingual']. Semaphore: Semaphore(value=5, locked=False). global_counter: 4
2026-08-19 08:04:17 | INFO | model_worker | Send heart beat. Models: ['LLaMA-Omni2-7B-Bilingual']. Semaphore: Semaphore(value=5, locked=False). global_counter: 4
2026-08-19 08:04:32 | INFO | model_worker | Send heart beat. Models: ['LLaMA-Omni2-7B-Bilingual']. Semaphore: Semaphore(value=5, locked=False). global_counter: 4
2026-08-19 08:04:47 | INFO | model_worker | Send heart beat. Models: ['LLaMA-Omni2-7B-Bilingual']. Semaphore: Semaphore(value=5, locked=False). global_counter: 4
2026-08-19 08:05:02 | INFO | model_worker | Send heart beat. Models: ['LLaMA-Omni2-7B-Bilingual']. Semaphore: Semaphore(value=5, locked=False). global_counter: 4
2026-08-19 08:05:17 | INFO | model_worker | Send heart beat. Models: ['LLaMA-Omni2-7B-Bilingual']. Semaphore: Semaphore(value=5, locked=False). global_counter: 4
2026-08-19 08:05:32 | INFO | model_worker | Send heart beat. Models: ['LLaMA-Omni2-7B-Bilingual']. Semaphore: Semaphore(value=5, locked=False). global_counter: 4
2026-08-19 08:05:47 | INFO | model_worker | Send heart beat. Models: ['LLaMA-Omni2-7B-Bilingual']. Semaphore: Semaphore(value=5, locked=False). global_counter: 4
2026-08-19 08:06:02 | INFO | model_worker | Send heart beat. Models: ['LLaMA-Omni2-7B-Bilingual']. Semaphore: Semaphore(value=5, locked=False). global_counter: 4
2026-08-19 08:06:17 | INFO | model_worker | Send heart beat. Models: ['LLaMA-Omni2-7B-Bilingual']. Semaphore: Semaphore(value=5, locked=False). global_counter: 4
2026-08-19 08:06:32 | INFO | model_worker | Send heart beat. Models: ['LLaMA-Omni2-7B-Bilingual']. Semaphore: Semaphore(value=5, locked=False). global_counter: 4
2026-08-19 08:06:47 | INFO | model_worker | Send heart beat. Models: ['LLaMA-Omni2-7B-Bilingual']. Semaphore: Semaphore(value=5, locked=False). global_counter: 4
2026-08-19 08:07:02 | INFO | model_worker | Send heart beat. Models: ['LLaMA-Omni2-7B-Bilingual']. Semaphore: Semaphore(value=5, locked=False). global_counter: 4
2026-08-19 08:07:17 | INFO | model_worker | Send heart beat. Models: ['LLaMA-Omni2-7B-Bilingual']. Semaphore: Semaphore(value=5, locked=False). global_counter: 4
2026-08-19 08:07:32 | INFO | model_worker | Send heart beat. Models: ['LLaMA-Omni2-7B-Bilingual']. Semaphore: Semaphore(value=5, locked=False). global_counter: 4
2026-08-19 08:07:47 | INFO | model_worker | Send heart beat. Models: ['LLaMA-Omni2-7B-Bilingual']. Semaphore: Semaphore(value=5, locked=False). global_counter: 4
2026-08-19 08:08:02 | INFO | model_worker | Send heart beat. Models: ['LLaMA-Omni2-7B-Bilingual']. Semaphore: Semaphore(value=5, locked=False). global_counter: 4
2026-08-19 08:08:17 | INFO | model_worker | Send heart beat. Models: ['LLaMA-Omni2-7B-Bilingual']. Semaphore: Semaphore(value=5, locked=False). global_counter: 4
2026-08-19 08:08:32 | INFO | model_worker | Send heart beat. Models: ['LLaMA-Omni2-7B-Bilingual']. Semaphore: Semaphore(value=5, locked=False). global_counter: 4
2026-08-19 08:08:47 | INFO | model_worker | Send heart beat. Models: ['LLaMA-Omni2-7B-Bilingual']. Semaphore: Semaphore(value=5, locked=False). global_counter: 4
2026-08-19 08:09:02 | INFO | model_worker | Send heart beat. Models: ['LLaMA-Omni2-7B-Bilingual']. Semaphore: Semaphore(value=5, locked=False). global_counter: 4
2026-08-19 08:09:17 | INFO | model_worker | Send heart beat. Models: ['LLaMA-Omni2-7B-Bilingual']. Semaphore: Semaphore(value=5, locked=False). global_counter: 4
2026-08-19 08:09:32 | INFO | model_worker | Send heart beat. Models: ['LLaMA-Omni2-7B-Bilingual']. Semaphore: Semaphore(value=5, locked=False). global_counter: 4
2026-08-19 08:09:47 | INFO | model_worker | Send heart beat. Models: ['LLaMA-Omni2-7B-Bilingual']. Semaphore: Semaphore(value=5, locked=False). global_counter: 4
2026-08-19 08:10:02 | INFO | model_worker | Send heart beat. Models: ['LLaMA-Omni2-7B-Bilingual']. Semaphore: Semaphore(value=5, locked=False). global_counter: 4
2026-08-19 08:10:17 | INFO | model_worker | Send heart beat. Models: ['LLaMA-Omni2-7B-Bilingual']. Semaphore: Semaphore(value=5, locked=False). global_counter: 4
2026-08-19 08:10:32 | INFO | model_worker | Send heart beat. Models: ['LLaMA-Omni2-7B-Bilingual']. Semaphore: Semaphore(value=5, locked=False). global_counter: 4
2026-08-19 08:10:47 | INFO | model_worker | Send heart beat. Models: ['LLaMA-Omni2-7B-Bilingual']. Semaphore: Semaphore(value=5, locked=False). global_counter: 4
2026-08-19 08:11:02 | INFO | model_worker | Send heart beat. Models: ['LLaMA-Omni2-7B-Bilingual']. Semaphore: Semaphore(value=5, locked=False). global_counter: 4
2026-08-19 08:11:17 | INFO | model_worker | Send heart beat. Models: ['LLaMA-Omni2-7B-Bilingual']. Semaphore: Semaphore(value=5, locked=False). global_counter: 4
2026-08-19 08:11:32 | INFO | model_worker | Send heart beat. Models: ['LLaMA-Omni2-7B-Bilingual']. Semaphore: Semaphore(value=5, locked=False). global_counter: 4
2026-08-19 08:11:47 | INFO | model_worker | Send heart beat. Models: ['LLaMA-Omni2-7B-Bilingual']. Semaphore: Semaphore(value=5, locked=False). global_counter: 4
2026-08-19 08:12:02 | INFO | model_worker | Send heart beat. Models: ['LLaMA-Omni2-7B-Bilingual']. Semaphore: Semaphore(value=5, locked=False). global_counter: 4
2026-08-19 08:12:17 | INFO | model_worker | Send heart beat. Models: ['LLaMA-Omni2-7B-Bilingual']. Semaphore: Semaphore(value=5, locked=False). global_counter: 4
2026-08-19 08:12:32 | INFO | model_worker | Send heart beat. Models: ['LLaMA-Omni2-7B-Bilingual']. Semaphore: Semaphore(value=5, locked=False). global_counter: 4
2026-08-19 08:12:47 | INFO | model_worker | Send heart beat. Models: ['LLaMA-Omni2-7B-Bilingual']. Semaphore: Semaphore(value=5, locked=False). global_counter: 4
2026-08-19 08:13:02 | INFO | model_worker | Send heart beat. Models: ['LLaMA-Omni2-7B-Bilingual']. Semaphore: Semaphore(value=5, locked=False). global_counter: 4
2026-08-19 08:13:17 | INFO | model_worker | Send heart beat. Models: ['LLaMA-Omni2-7B-Bilingual']. Semaphore: Semaphore(value=5, locked=False). global_counter: 4
2026-08-19 08:13:32 | INFO | model_worker | Send heart beat. Models: ['LLaMA-Omni2-7B-Bilingual']. Semaphore: Semaphore(value=5, locked=False). global_counter: 4
2026-08-19 08:13:48 | INFO | model_worker | Send heart beat. Models: ['LLaMA-Omni2-7B-Bilingual']. Semaphore: Semaphore(value=5, locked=False). global_counter: 4
2026-08-19 08:14:03 | INFO | model_worker | Send heart beat. Models: ['LLaMA-Omni2-7B-Bilingual']. Semaphore: Semaphore(value=5, locked=False). global_counter: 4
2026-08-19 08:14:18 | INFO | model_worker | Send heart beat. Models: ['LLaMA-Omni2-7B-Bilingual']. Semaphore: Semaphore(value=5, locked=False). global_counter: 4
2026-08-19 08:14:33 | INFO | model_worker | Send heart beat. Models: ['LLaMA-Omni2-7B-Bilingual']. Semaphore: Semaphore(value=5, locked=False). global_counter: 4
2026-08-19 08:14:48 | INFO | model_worker | Send heart beat. Models: ['LLaMA-Omni2-7B-Bilingual']. Semaphore: Semaphore(value=5, locked=False). global_counter: 4
2026-08-19 08:15:03 | INFO | model_worker | Send heart beat. Models: ['LLaMA-Omni2-7B-Bilingual']. Semaphore: Semaphore(value=5, locked=False). global_counter: 4
2026-08-19 08:15:18 | INFO | model_worker | Send heart beat. Models: ['LLaMA-Omni2-7B-Bilingual']. Semaphore: Semaphore(value=5, locked=False). global_counter: 4
2026-08-19 08:15:33 | INFO | model_worker | Send heart beat. Models: ['LLaMA-Omni2-7B-Bilingual']. Semaphore: Semaphore(value=5, locked=False). global_counter: 4
2026-08-19 08:15:48 | INFO | model_worker | Send heart beat. Models: ['LLaMA-Omni2-7B-Bilingual']. Semaphore: Semaphore(value=5, locked=False). global_counter: 4
2026-08-19 08:16:03 | INFO | model_worker | Send heart beat. Models: ['LLaMA-Omni2-7B-Bilingual']. Semaphore: Semaphore(value=5, locked=False). global_counter: 4
2026-08-19 08:16:18 | INFO | model_worker | Send heart beat. Models: ['LLaMA-Omni2-7B-Bilingual']. Semaphore: Semaphore(value=5, locked=False). global_counter: 4
2026-08-19 08:16:33 | INFO | model_worker | Send heart beat. Models: ['LLaMA-Omni2-7B-Bilingual']. Semaphore: Semaphore(value=5, locked=False). global_counter: 4
2026-08-19 08:16:48 | INFO | model_worker | Send heart beat. Models: ['LLaMA-Omni2-7B-Bilingual']. Semaphore: Semaphore(value=5, locked=False). global_counter: 4
2026-08-19 08:17:03 | INFO | model_worker | Send heart beat. Models: ['LLaMA-Omni2-7B-Bilingual']. Semaphore: Semaphore(value=5, locked=False). global_counter: 4
2026-08-19 08:17:18 | INFO | model_worker | Send heart beat. Models: ['LLaMA-Omni2-7B-Bilingual']. Semaphore: Semaphore(value=5, locked=False). global_counter: 4
2026-08-19 08:17:33 | INFO | model_worker | Send heart beat. Models: ['LLaMA-Omni2-7B-Bilingual']. Semaphore: Semaphore(value=5, locked=False). global_counter: 4
2026-08-19 08:17:48 | INFO | model_worker | Send heart beat. Models: ['LLaMA-Omni2-7B-Bilingual']. Semaphore: Semaphore(value=5, locked=False). global_counter: 4
2026-08-19 08:18:03 | INFO | model_worker | Send heart beat. Models: ['LLaMA-Omni2-7B-Bilingual']. Semaphore: Semaphore(value=5, locked=False). global_counter: 4
2026-08-19 08:18:18 | INFO | model_worker | Send heart beat. Models: ['LLaMA-Omni2-7B-Bilingual']. Semaphore: Semaphore(value=5, locked=False). global_counter: 4
2026-08-19 08:18:33 | INFO | model_worker | Send heart beat. Models: ['LLaMA-Omni2-7B-Bilingual']. Semaphore: Semaphore(value=5, locked=False). global_counter: 4
2026-08-19 08:18:48 | INFO | model_worker | Send heart beat. Models: ['LLaMA-Omni2-7B-Bilingual']. Semaphore: Semaphore(value=5, locked=False). global_counter: 4
2026-08-19 08:19:03 | INFO | model_worker | Send heart beat. Models: ['LLaMA-Omni2-7B-Bilingual']. Semaphore: Semaphore(value=5, locked=False). global_counter: 4
2026-08-19 08:19:18 | INFO | model_worker | Send heart beat. Models: ['LLaMA-Omni2-7B-Bilingual']. Semaphore: Semaphore(value=5, locked=False). global_counter: 4
2026-08-19 08:19:33 | INFO | model_worker | Send heart beat. Models: ['LLaMA-Omni2-7B-Bilingual']. Semaphore: Semaphore(value=5, locked=False). global_counter: 4
2026-08-19 08:19:48 | INFO | model_worker | Send heart beat. Models: ['LLaMA-Omni2-7B-Bilingual']. Semaphore: Semaphore(value=5, locked=False). global_counter: 4
2026-08-19 08:20:03 | INFO | model_worker | Send heart beat. Models: ['LLaMA-Omni2-7B-Bilingual']. Semaphore: Semaphore(value=5, locked=False). global_counter: 4
2026-08-19 08:20:18 | INFO | model_worker | Send heart beat. Models: ['LLaMA-Omni2-7B-Bilingual']. Semaphore: Semaphore(value=5, locked=False). global_counter: 4
2026-08-19 08:20:33 | INFO | model_worker | Send heart beat. Models: ['LLaMA-Omni2-7B-Bilingual']. Semaphore: Semaphore(value=5, locked=False). global_counter: 4
2026-08-19 08:20:48 | INFO | model_worker | Send heart beat. Models: ['LLaMA-Omni2-7B-Bilingual']. Semaphore: Semaphore(value=5, locked=False). global_counter: 4
2026-08-19 08:21:03 | INFO | model_worker | Send heart beat. Models: ['LLaMA-Omni2-7B-Bilingual']. Semaphore: Semaphore(value=5, locked=False). global_counter: 4
2026-08-19 08:21:18 | INFO | model_worker | Send heart beat. Models: ['LLaMA-Omni2-7B-Bilingual']. Semaphore: Semaphore(value=5, locked=False). global_counter: 4
2026-08-19 08:21:33 | INFO | model_worker | Send heart beat. Models: ['LLaMA-Omni2-7B-Bilingual']. Semaphore: Semaphore(value=5, locked=False). global_counter: 4
2026-08-19 08:21:48 | INFO | model_worker | Send heart beat. Models: ['LLaMA-Omni2-7B-Bilingual']. Semaphore: Semaphore(value=5, locked=False). global_counter: 4
2026-08-19 08:22:03 | INFO | model_worker | Send heart beat. Models: ['LLaMA-Omni2-7B-Bilingual']. Semaphore: Semaphore(value=5, locked=False). global_counter: 4
2026-08-19 08:22:18 | INFO | model_worker | Send heart beat. Models: ['LLaMA-Omni2-7B-Bilingual']. Semaphore: Semaphore(value=5, locked=False). global_counter: 4
2026-08-19 08:22:33 | INFO | model_worker | Send heart beat. Models: ['LLaMA-Omni2-7B-Bilingual']. Semaphore: Semaphore(value=5, locked=False). global_counter: 4
2026-08-19 08:22:48 | INFO | model_worker | Send heart beat. Models: ['LLaMA-Omni2-7B-Bilingual']. Semaphore: Semaphore(value=5, locked=False). global_counter: 4
2026-08-19 08:23:03 | INFO | model_worker | Send heart beat. Models: ['LLaMA-Omni2-7B-Bilingual']. Semaphore: Semaphore(value=5, locked=False). global_counter: 4
2026-08-19 08:23:18 | INFO | model_worker | Send heart beat. Models: ['LLaMA-Omni2-7B-Bilingual']. Semaphore: Semaphore(value=5, locked=False). global_counter: 4
2026-08-19 08:23:33 | INFO | model_worker | Send heart beat. Models: ['LLaMA-Omni2-7B-Bilingual']. Semaphore: Semaphore(value=5, locked=False). global_counter: 4
2026-08-19 08:23:48 | INFO | model_worker | Send heart beat. Models: ['LLaMA-Omni2-7B-Bilingual']. Semaphore: Semaphore(value=5, locked=False). global_counter: 4
2026-08-19 08:24:03 | INFO | model_worker | Send heart beat. Models: ['LLaMA-Omni2-7B-Bilingual']. Semaphore: Semaphore(value=5, locked=False). global_counter: 4
2026-08-19 08:24:18 | INFO | model_worker | Send heart beat. Models: ['LLaMA-Omni2-7B-Bilingual']. Semaphore: Semaphore(value=5, locked=False). global_counter: 4
2026-08-19 08:24:33 | INFO | model_worker | Send heart beat. Models: ['LLaMA-Omni2-7B-Bilingual']. Semaphore: Semaphore(value=5, locked=False). global_counter: 4
2026-08-19 08:24:48 | INFO | model_worker | Send heart beat. Models: ['LLaMA-Omni2-7B-Bilingual']. Semaphore: Semaphore(value=5, locked=False). global_counter: 4
2026-08-19 08:25:03 | INFO | model_worker | Send heart beat. Models: ['LLaMA-Omni2-7B-Bilingual']. Semaphore: Semaphore(value=5, locked=False). global_counter: 4
2026-08-19 08:25:18 | INFO | model_worker | Send heart beat. Models: ['LLaMA-Omni2-7B-Bilingual']. Semaphore: Semaphore(value=5, locked=False). global_counter: 4
2026-08-19 08:25:33 | INFO | model_worker | Send heart beat. Models: ['LLaMA-Omni2-7B-Bilingual']. Semaphore: Semaphore(value=5, locked=False). global_counter: 4
2026-08-19 08:25:48 | INFO | model_worker | Send heart beat. Models: ['LLaMA-Omni2-7B-Bilingual']. Semaphore: Semaphore(value=5, locked=False). global_counter: 4
2026-08-19 08:26:03 | INFO | model_worker | Send heart beat. Models: ['LLaMA-Omni2-7B-Bilingual']. Semaphore: Semaphore(value=5, locked=False). global_counter: 4
2026-08-19 08:26:18 | INFO | model_worker | Send heart beat. Models: ['LLaMA-Omni2-7B-Bilingual']. Semaphore: Semaphore(value=5, locked=False). global_counter: 4
2026-08-19 08:26:33 | INFO | model_worker | Send heart beat. Models: ['LLaMA-Omni2-7B-Bilingual']. Semaphore: Semaphore(value=5, locked=False). global_counter: 4
2026-08-19 08:26:49 | INFO | model_worker | Send heart beat. Models: ['LLaMA-Omni2-7B-Bilingual']. Semaphore: Semaphore(value=5, locked=False). global_counter: 4
2026-08-19 08:27:04 | INFO | model_worker | Send heart beat. Models: ['LLaMA-Omni2-7B-Bilingual']. Semaphore: Semaphore(value=5, locked=False). global_counter: 4
2026-08-19 08:27:19 | INFO | model_worker | Send heart beat. Models: ['LLaMA-Omni2-7B-Bilingual']. Semaphore: Semaphore(value=5, locked=False). global_counter: 4
2026-08-19 08:27:34 | INFO | model_worker | Send heart beat. Models: ['LLaMA-Omni2-7B-Bilingual']. Semaphore: Semaphore(value=5, locked=False). global_counter: 4
2026-08-19 08:27:49 | INFO | model_worker | Send heart beat. Models: ['LLaMA-Omni2-7B-Bilingual']. Semaphore: Semaphore(value=5, locked=False). global_counter: 4
2026-08-19 08:28:04 | INFO | model_worker | Send heart beat. Models: ['LLaMA-Omni2-7B-Bilingual']. Semaphore: Semaphore(value=5, locked=False). global_counter: 4
2026-08-19 08:28:19 | INFO | model_worker | Send heart beat. Models: ['LLaMA-Omni2-7B-Bilingual']. Semaphore: Semaphore(value=5, locked=False). global_counter: 4
2026-08-19 08:28:34 | INFO | model_worker | Send heart beat. Models: ['LLaMA-Omni2-7B-Bilingual']. Semaphore: Semaphore(value=5, locked=False). global_counter: 4
2026-08-19 08:28:49 | INFO | model_worker | Send heart beat. Models: ['LLaMA-Omni2-7B-Bilingual']. Semaphore: Semaphore(value=5, locked=False). global_counter: 4
2026-08-19 08:29:04 | INFO | model_worker | Send heart beat. Models: ['LLaMA-Omni2-7B-Bilingual']. Semaphore: Semaphore(value=5, locked=False). global_counter: 4
2026-08-19 08:29:19 | INFO | model_worker | Send heart beat. Models: ['LLaMA-Omni2-7B-Bilingual']. Semaphore: Semaphore(value=5, locked=False). global_counter: 4
2026-08-19 08:29:34 | INFO | model_worker | Send heart beat. Models: ['LLaMA-Omni2-7B-Bilingual']. Semaphore: Semaphore(value=5, locked=False). global_counter: 4
2026-08-19 08:29:49 | INFO | model_worker | Send heart beat. Models: ['LLaMA-Omni2-7B-Bilingual']. Semaphore: Semaphore(value=5, locked=False). global_counter: 4
2026-08-19 08:30:04 | INFO | model_worker | Send heart beat. Models: ['LLaMA-Omni2-7B-Bilingual']. Semaphore: Semaphore(value=5, locked=False). global_counter: 4
2026-08-19 08:30:19 | INFO | model_worker | Send heart beat. Models: ['LLaMA-Omni2-7B-Bilingual']. Semaphore: Semaphore(value=5, locked=False). global_counter: 4
2026-08-19 08:30:34 | INFO | model_worker | Send heart beat. Models: ['LLaMA-Omni2-7B-Bilingual']. Semaphore: Semaphore(value=5, locked=False). global_counter: 4
2026-08-19 08:30:49 | INFO | model_worker | Send heart beat. Models: ['LLaMA-Omni2-7B-Bilingual']. Semaphore: Semaphore(value=5, locked=False). global_counter: 4
2026-08-19 08:31:04 | INFO | model_worker | Send heart beat. Models: ['LLaMA-Omni2-7B-Bilingual']. Semaphore: Semaphore(value=5, locked=False). global_counter: 4
2026-08-19 08:31:19 | INFO | model_worker | Send heart beat. Models: ['LLaMA-Omni2-7B-Bilingual']. Semaphore: Semaphore(value=5, locked=False). global_counter: 4
2026-08-19 08:31:34 | INFO | model_worker | Send heart beat. Models: ['LLaMA-Omni2-7B-Bilingual']. Semaphore: Semaphore(value=5, locked=False). global_counter: 4
2026-08-19 08:31:49 | INFO | model_worker | Send heart beat. Models: ['LLaMA-Omni2-7B-Bilingual']. Semaphore: Semaphore(value=5, locked=False). global_counter: 4
2026-08-19 08:32:04 | INFO | model_worker | Send heart beat. Models: ['LLaMA-Omni2-7B-Bilingual']. Semaphore: Semaphore(value=5, locked=False). global_counter: 4
2026-08-19 08:32:19 | INFO | model_worker | Send heart beat. Models: ['LLaMA-Omni2-7B-Bilingual']. Semaphore: Semaphore(value=5, locked=False). global_counter: 4
2026-08-19 08:32:34 | INFO | model_worker | Send heart beat. Models: ['LLaMA-Omni2-7B-Bilingual']. Semaphore: Semaphore(value=5, locked=False). global_counter: 4
2026-08-19 08:32:49 | INFO | model_worker | Send heart beat. Models: ['LLaMA-Omni2-7B-Bilingual']. Semaphore: Semaphore(value=5, locked=False). global_counter: 4
2026-08-19 08:33:04 | INFO | model_worker | Send heart beat. Models: ['LLaMA-Omni2-7B-Bilingual']. Semaphore: Semaphore(value=5, locked=False). global_counter: 4
2026-08-19 08:33:19 | INFO | model_worker | Send heart beat. Models: ['LLaMA-Omni2-7B-Bilingual']. Semaphore: Semaphore(value=5, locked=False). global_counter: 4
2026-08-19 08:33:34 | INFO | model_worker | Send heart beat. Models: ['LLaMA-Omni2-7B-Bilingual']. Semaphore: Semaphore(value=5, locked=False). global_counter: 4
2026-08-19 08:33:49 | INFO | model_worker | Send heart beat. Models: ['LLaMA-Omni2-7B-Bilingual']. Semaphore: Semaphore(value=5, locked=False). global_counter: 4
2026-08-19 08:34:04 | INFO | model_worker | Send heart beat. Models: ['LLaMA-Omni2-7B-Bilingual']. Semaphore: Semaphore(value=5, locked=False). global_counter: 4
2026-08-19 08:34:19 | INFO | model_worker | Send heart beat. Models: ['LLaMA-Omni2-7B-Bilingual']. Semaphore: Semaphore(value=5, locked=False). global_counter: 4
2026-08-19 08:34:34 | INFO | model_worker | Send heart beat. Models: ['LLaMA-Omni2-7B-Bilingual']. Semaphore: Semaphore(value=5, locked=False). global_counter: 4
2026-08-19 08:34:49 | INFO | model_worker | Send heart beat. Models: ['LLaMA-Omni2-7B-Bilingual']. Semaphore: Semaphore(value=5, locked=False). global_counter: 4
2026-08-19 08:35:04 | INFO | model_worker | Send heart beat. Models: ['LLaMA-Omni2-7B-Bilingual']. Semaphore: Semaphore(value=5, locked=False). global_counter: 4
2026-08-19 08:35:19 | INFO | model_worker | Send heart beat. Models: ['LLaMA-Omni2-7B-Bilingual']. Semaphore: Semaphore(value=5, locked=False). global_counter: 4
2026-08-19 08:35:34 | INFO | model_worker | Send heart beat. Models: ['LLaMA-Omni2-7B-Bilingual']. Semaphore: Semaphore(value=5, locked=False). global_counter: 4
2026-08-19 08:35:49 | INFO | model_worker | Send heart beat. Models: ['LLaMA-Omni2-7B-Bilingual']. Semaphore: Semaphore(value=5, locked=False). global_counter: 4
2026-08-19 08:36:04 | INFO | model_worker | Send heart beat. Models: ['LLaMA-Omni2-7B-Bilingual']. Semaphore: Semaphore(value=5, locked=False). global_counter: 4
2026-08-19 08:36:19 | INFO | model_worker | Send heart beat. Models: ['LLaMA-Omni2-7B-Bilingual']. Semaphore: Semaphore(value=5, locked=False). global_counter: 4
2026-08-19 08:36:34 | INFO | model_worker | Send heart beat. Models: ['LLaMA-Omni2-7B-Bilingual']. Semaphore: Semaphore(value=5, locked=False). global_counter: 4
2026-08-19 08:36:49 | INFO | model_worker | Send heart beat. Models: ['LLaMA-Omni2-7B-Bilingual']. Semaphore: Semaphore(value=5, locked=False). global_counter: 4
2026-08-19 08:37:04 | INFO | model_worker | Send heart beat. Models: ['LLaMA-Omni2-7B-Bilingual']. Semaphore: Semaphore(value=5, locked=False). global_counter: 4
2026-08-19 08:37:19 | INFO | model_worker | Send heart beat. Models: ['LLaMA-Omni2-7B-Bilingual']. Semaphore: Semaphore(value=5, locked=False). global_counter: 4
2026-08-19 08:37:34 | INFO | model_worker | Send heart beat. Models: ['LLaMA-Omni2-7B-Bilingual']. Semaphore: Semaphore(value=5, locked=False). global_counter: 4
2026-08-19 08:37:49 | INFO | model_worker | Send heart beat. Models: ['LLaMA-Omni2-7B-Bilingual']. Semaphore: Semaphore(value=5, locked=False). global_counter: 4
2026-08-19 08:38:04 | INFO | model_worker | Send heart beat. Models: ['LLaMA-Omni2-7B-Bilingual']. Semaphore: Semaphore(value=5, locked=False). global_counter: 4
2026-08-19 08:38:19 | INFO | model_worker | Send heart beat. Models: ['LLaMA-Omni2-7B-Bilingual']. Semaphore: Semaphore(value=5, locked=False). global_counter: 4
2026-08-19 08:38:34 | INFO | model_worker | Send heart beat. Models: ['LLaMA-Omni2-7B-Bilingual']. Semaphore: Semaphore(value=5, locked=False). global_counter: 4
2026-08-19 08:38:49 | INFO | model_worker | Send heart beat. Models: ['LLaMA-Omni2-7B-Bilingual']. Semaphore: Semaphore(value=5, locked=False). global_counter: 4
2026-08-19 08:39:04 | INFO | model_worker | Send heart beat. Models: ['LLaMA-Omni2-7B-Bilingual']. Semaphore: Semaphore(value=5, locked=False). global_counter: 4
2026-08-19 08:39:19 | INFO | model_worker | Send heart beat. Models: ['LLaMA-Omni2-7B-Bilingual']. Semaphore: Semaphore(value=5, locked=False). global_counter: 4
2026-08-19 08:39:34 | INFO | model_worker | Send heart beat. Models: ['LLaMA-Omni2-7B-Bilingual']. Semaphore: Semaphore(value=5, locked=False). global_counter: 4
2026-08-19 08:39:50 | INFO | model_worker | Send heart beat. Models: ['LLaMA-Omni2-7B-Bilingual']. Semaphore: Semaphore(value=5, locked=False). global_counter: 4
2026-08-19 08:40:05 | INFO | model_worker | Send heart beat. Models: ['LLaMA-Omni2-7B-Bilingual']. Semaphore: Semaphore(value=5, locked=False). global_counter: 4
2026-08-19 08:40:20 | INFO | model_worker | Send heart beat. Models: ['LLaMA-Omni2-7B-Bilingual']. Semaphore: Semaphore(value=5, locked=False). global_counter: 4
2026-08-19 08:40:35 | INFO | model_worker | Send heart beat. Models: ['LLaMA-Omni2-7B-Bilingual']. Semaphore: Semaphore(value=5, locked=False). global_counter: 4
2026-08-19 08:40:50 | INFO | model_worker | Send heart beat. Models: ['LLaMA-Omni2-7B-Bilingual']. Semaphore: Semaphore(value=5, locked=False). global_counter: 4
2026-08-19 08:41:05 | INFO | model_worker | Send heart beat. Models: ['LLaMA-Omni2-7B-Bilingual']. Semaphore: Semaphore(value=5, locked=False). global_counter: 4
2026-08-19 08:41:20 | INFO | model_worker | Send heart beat. Models: ['LLaMA-Omni2-7B-Bilingual']. Semaphore: Semaphore(value=5, locked=False). global_counter: 4
2026-08-19 08:41:35 | INFO | model_worker | Send heart beat. Models: ['LLaMA-Omni2-7B-Bilingual']. Semaphore: Semaphore(value=5, locked=False). global_counter: 4
2026-08-19 08:41:50 | INFO | model_worker | Send heart beat. Models: ['LLaMA-Omni2-7B-Bilingual']. Semaphore: Semaphore(value=5, locked=False). global_counter: 4
2026-08-19 08:42:05 | INFO | model_worker | Send heart beat. Models: ['LLaMA-Omni2-7B-Bilingual']. Semaphore: Semaphore(value=5, locked=False). global_counter: 4
2026-08-19 08:42:20 | INFO | model_worker | Send heart beat. Models: ['LLaMA-Omni2-7B-Bilingual']. Semaphore: Semaphore(value=5, locked=False). global_counter: 4
2026-08-19 08:42:35 | INFO | model_worker | Send heart beat. Models: ['LLaMA-Omni2-7B-Bilingual']. Semaphore: Semaphore(value=5, locked=False). global_counter: 4
2026-08-19 08:42:50 | INFO | model_worker | Send heart beat. Models: ['LLaMA-Omni2-7B-Bilingual']. Semaphore: Semaphore(value=5, locked=False). global_counter: 4
2026-08-19 08:43:05 | INFO | model_worker | Send heart beat. Models: ['LLaMA-Omni2-7B-Bilingual']. Semaphore: Semaphore(value=5, locked=False). global_counter: 4
2026-08-19 08:43:20 | INFO | model_worker | Send heart beat. Models: ['LLaMA-Omni2-7B-Bilingual']. Semaphore: Semaphore(value=5, locked=False). global_counter: 4
2026-08-19 08:43:35 | INFO | model_worker | Send heart beat. Models: ['LLaMA-Omni2-7B-Bilingual']. Semaphore: Semaphore(value=5, locked=False). global_counter: 4
2026-08-19 08:43:50 | INFO | model_worker | Send heart beat. Models: ['LLaMA-Omni2-7B-Bilingual']. Semaphore: Semaphore(value=5, locked=False). global_counter: 4
2026-08-19 08:44:05 | INFO | model_worker | Send heart beat. Models: ['LLaMA-Omni2-7B-Bilingual']. Semaphore: Semaphore(value=5, locked=False). global_counter: 4
2026-08-19 08:44:20 | INFO | model_worker | Send heart beat. Models: ['LLaMA-Omni2-7B-Bilingual']. Semaphore: Semaphore(value=5, locked=False). global_counter: 4
2026-08-19 08:44:35 | INFO | model_worker | Send heart beat. Models: ['LLaMA-Omni2-7B-Bilingual']. Semaphore: Semaphore(value=5, locked=False). global_counter: 4
2026-08-19 08:44:50 | INFO | model_worker | Send heart beat. Models: ['LLaMA-Omni2-7B-Bilingual']. Semaphore: Semaphore(value=5, locked=False). global_counter: 4
2026-08-19 08:45:05 | INFO | model_worker | Send heart beat. Models: ['LLaMA-Omni2-7B-Bilingual']. Semaphore: Semaphore(value=5, locked=False). global_counter: 4
2026-08-19 08:45:20 | INFO | model_worker | Send heart beat. Models: ['LLaMA-Omni2-7B-Bilingual']. Semaphore: Semaphore(value=5, locked=False). global_counter: 4
2026-08-19 08:45:35 | INFO | model_worker | Send heart beat. Models: ['LLaMA-Omni2-7B-Bilingual']. Semaphore: Semaphore(value=5, locked=False). global_counter: 4
2026-08-19 08:45:50 | INFO | model_worker | Send heart beat. Models: ['LLaMA-Omni2-7B-Bilingual']. Semaphore: Semaphore(value=5, locked=False). global_counter: 4
2026-08-19 08:46:05 | INFO | model_worker | Send heart beat. Models: ['LLaMA-Omni2-7B-Bilingual']. Semaphore: Semaphore(value=5, locked=False). global_counter: 4
2026-08-19 08:46:20 | INFO | model_worker | Send heart beat. Models: ['LLaMA-Omni2-7B-Bilingual']. Semaphore: Semaphore(value=5, locked=False). global_counter: 4
2026-08-19 08:46:35 | INFO | model_worker | Send heart beat. Models: ['LLaMA-Omni2-7B-Bilingual']. Semaphore: Semaphore(value=5, locked=False). global_counter: 4
2026-08-19 08:46:50 | INFO | model_worker | Send heart beat. Models: ['LLaMA-Omni2-7B-Bilingual']. Semaphore: Semaphore(value=5, locked=False). global_counter: 4
2026-08-19 08:47:05 | INFO | model_worker | Send heart beat. Models: ['LLaMA-Omni2-7B-Bilingual']. Semaphore: Semaphore(value=5, locked=False). global_counter: 4
2026-08-19 08:47:20 | INFO | model_worker | Send heart beat. Models: ['LLaMA-Omni2-7B-Bilingual']. Semaphore: Semaphore(value=5, locked=False). global_counter: 4
2026-08-19 08:47:35 | INFO | model_worker | Send heart beat. Models: ['LLaMA-Omni2-7B-Bilingual']. Semaphore: Semaphore(value=5, locked=False). global_counter: 4
2026-08-19 08:47:50 | INFO | model_worker | Send heart beat. Models: ['LLaMA-Omni2-7B-Bilingual']. Semaphore: Semaphore(value=5, locked=False). global_counter: 4
2026-08-19 08:48:05 | INFO | model_worker | Send heart beat. Models: ['LLaMA-Omni2-7B-Bilingual']. Semaphore: Semaphore(value=5, locked=False). global_counter: 4
2026-08-19 08:48:20 | INFO | model_worker | Send heart beat. Models: ['LLaMA-Omni2-7B-Bilingual']. Semaphore: Semaphore(value=5, locked=False). global_counter: 4
2026-08-19 08:48:35 | INFO | model_worker | Send heart beat. Models: ['LLaMA-Omni2-7B-Bilingual']. Semaphore: Semaphore(value=5, locked=False). global_counter: 4
2026-08-19 08:48:50 | INFO | model_worker | Send heart beat. Models: ['LLaMA-Omni2-7B-Bilingual']. Semaphore: Semaphore(value=5, locked=False). global_counter: 4
2026-08-19 08:49:05 | INFO | model_worker | Send heart beat. Models: ['LLaMA-Omni2-7B-Bilingual']. Semaphore: Semaphore(value=5, locked=False). global_counter: 4
2026-08-19 08:49:20 | INFO | model_worker | Send heart beat. Models: ['LLaMA-Omni2-7B-Bilingual']. Semaphore: Semaphore(value=5, locked=False). global_counter: 4
2026-08-19 08:49:35 | INFO | model_worker | Send heart beat. Models: ['LLaMA-Omni2-7B-Bilingual']. Semaphore: Semaphore(value=5, locked=False). global_counter: 4
2026-08-19 08:49:50 | INFO | model_worker | Send heart beat. Models: ['LLaMA-Omni2-7B-Bilingual']. Semaphore: Semaphore(value=5, locked=False). global_counter: 4
2026-08-19 08:50:05 | INFO | model_worker | Send heart beat. Models: ['LLaMA-Omni2-7B-Bilingual']. Semaphore: Semaphore(value=5, locked=False). global_counter: 4
2026-08-19 08:50:20 | INFO | model_worker | Send heart beat. Models: ['LLaMA-Omni2-7B-Bilingual']. Semaphore: Semaphore(value=5, locked=False). global_counter: 4
2026-08-19 08:50:35 | INFO | model_worker | Send heart beat. Models: ['LLaMA-Omni2-7B-Bilingual']. Semaphore: Semaphore(value=5, locked=False). global_counter: 4
2026-08-19 08:50:50 | INFO | model_worker | Send heart beat. Models: ['LLaMA-Omni2-7B-Bilingual']. Semaphore: Semaphore(value=5, locked=False). global_counter: 4
2026-08-19 08:51:05 | INFO | model_worker | Send heart beat. Models: ['LLaMA-Omni2-7B-Bilingual']. Semaphore: Semaphore(value=5, locked=False). global_counter: 4
2026-08-19 08:51:20 | INFO | model_worker | Send heart beat. Models: ['LLaMA-Omni2-7B-Bilingual']. Semaphore: Semaphore(value=5, locked=False). global_counter: 4
2026-08-19 08:51:35 | INFO | model_worker | Send heart beat. Models: ['LLaMA-Omni2-7B-Bilingual']. Semaphore: Semaphore(value=5, locked=False). global_counter: 4
2026-08-19 08:51:50 | INFO | model_worker | Send heart beat. Models: ['LLaMA-Omni2-7B-Bilingual']. Semaphore: Semaphore(value=5, locked=False). global_counter: 4
2026-08-19 08:52:05 | INFO | model_worker | Send heart beat. Models: ['LLaMA-Omni2-7B-Bilingual']. Semaphore: Semaphore(value=5, locked=False). global_counter: 4
2026-08-19 08:52:20 | INFO | model_worker | Send heart beat. Models: ['LLaMA-Omni2-7B-Bilingual']. Semaphore: Semaphore(value=5, locked=False). global_counter: 4
2026-08-19 08:52:36 | INFO | model_worker | Send heart beat. Models: ['LLaMA-Omni2-7B-Bilingual']. Semaphore: Semaphore(value=5, locked=False). global_counter: 4
2026-08-19 08:52:51 | INFO | model_worker | Send heart beat. Models: ['LLaMA-Omni2-7B-Bilingual']. Semaphore: Semaphore(value=5, locked=False). global_counter: 4
2026-08-19 08:53:06 | INFO | model_worker | Send heart beat. Models: ['LLaMA-Omni2-7B-Bilingual']. Semaphore: Semaphore(value=5, locked=False). global_counter: 4
2026-08-19 08:53:21 | INFO | model_worker | Send heart beat. Models: ['LLaMA-Omni2-7B-Bilingual']. Semaphore: Semaphore(value=5, locked=False). global_counter: 4
2026-08-19 08:53:36 | INFO | model_worker | Send heart beat. Models: ['LLaMA-Omni2-7B-Bilingual']. Semaphore: Semaphore(value=5, locked=False). global_counter: 4
2026-08-19 08:53:51 | INFO | model_worker | Send heart beat. Models: ['LLaMA-Omni2-7B-Bilingual']. Semaphore: Semaphore(value=5, locked=False). global_counter: 4
2026-08-19 08:54:06 | INFO | model_worker | Send heart beat. Models: ['LLaMA-Omni2-7B-Bilingual']. Semaphore: Semaphore(value=5, locked=False). global_counter: 4
2026-08-19 08:54:21 | INFO | model_worker | Send heart beat. Models: ['LLaMA-Omni2-7B-Bilingual']. Semaphore: Semaphore(value=5, locked=False). global_counter: 4
2026-08-19 08:54:36 | INFO | model_worker | Send heart beat. Models: ['LLaMA-Omni2-7B-Bilingual']. Semaphore: Semaphore(value=5, locked=False). global_counter: 4
2026-08-19 08:54:51 | INFO | model_worker | Send heart beat. Models: ['LLaMA-Omni2-7B-Bilingual']. Semaphore: Semaphore(value=5, locked=False). global_counter: 4
2026-08-19 08:55:06 | INFO | model_worker | Send heart beat. Models: ['LLaMA-Omni2-7B-Bilingual']. Semaphore: Semaphore(value=5, locked=False). global_counter: 4
2026-08-19 08:55:21 | INFO | model_worker | Send heart beat. Models: ['LLaMA-Omni2-7B-Bilingual']. Semaphore: Semaphore(value=5, locked=False). global_counter: 4
2026-08-19 08:55:36 | INFO | model_worker | Send heart beat. Models: ['LLaMA-Omni2-7B-Bilingual']. Semaphore: Semaphore(value=5, locked=False). global_counter: 4
2026-08-19 08:55:51 | INFO | model_worker | Send heart beat. Models: ['LLaMA-Omni2-7B-Bilingual']. Semaphore: Semaphore(value=5, locked=False). global_counter: 4
2026-08-19 08:56:06 | INFO | model_worker | Send heart beat. Models: ['LLaMA-Omni2-7B-Bilingual']. Semaphore: Semaphore(value=5, locked=False). global_counter: 4
2026-08-19 08:56:21 | INFO | model_worker | Send heart beat. Models: ['LLaMA-Omni2-7B-Bilingual']. Semaphore: Semaphore(value=5, locked=False). global_counter: 4
2026-08-19 08:56:36 | INFO | model_worker | Send heart beat. Models: ['LLaMA-Omni2-7B-Bilingual']. Semaphore: Semaphore(value=5, locked=False). global_counter: 4
2026-08-19 08:56:51 | INFO | model_worker | Send heart beat. Models: ['LLaMA-Omni2-7B-Bilingual']. Semaphore: Semaphore(value=5, locked=False). global_counter: 4
2026-08-19 08:57:06 | INFO | model_worker | Send heart beat. Models: ['LLaMA-Omni2-7B-Bilingual']. Semaphore: Semaphore(value=5, locked=False). global_counter: 4
2026-08-19 08:57:21 | INFO | model_worker | Send heart beat. Models: ['LLaMA-Omni2-7B-Bilingual']. Semaphore: Semaphore(value=5, locked=False). global_counter: 4
2026-08-19 08:57:36 | INFO | model_worker | Send heart beat. Models: ['LLaMA-Omni2-7B-Bilingual']. Semaphore: Semaphore(value=5, locked=False). global_counter: 4
2026-08-19 08:57:51 | INFO | model_worker | Send heart beat. Models: ['LLaMA-Omni2-7B-Bilingual']. Semaphore: Semaphore(value=5, locked=False). global_counter: 4
2026-08-19 08:58:06 | INFO | model_worker | Send heart beat. Models: ['LLaMA-Omni2-7B-Bilingual']. Semaphore: Semaphore(value=5, locked=False). global_counter: 4
2026-08-19 08:58:21 | INFO | model_worker | Send heart beat. Models: ['LLaMA-Omni2-7B-Bilingual']. Semaphore: Semaphore(value=5, locked=False). global_counter: 4
2026-08-19 08:58:36 | INFO | model_worker | Send heart beat. Models: ['LLaMA-Omni2-7B-Bilingual']. Semaphore: Semaphore(value=5, locked=False). global_counter: 4
2026-08-19 08:58:51 | INFO | model_worker | Send heart beat. Models: ['LLaMA-Omni2-7B-Bilingual']. Semaphore: Semaphore(value=5, locked=False). global_counter: 4
2026-08-19 08:59:06 | INFO | model_worker | Send heart beat. Models: ['LLaMA-Omni2-7B-Bilingual']. Semaphore: Semaphore(value=5, locked=False). global_counter: 4
2026-08-19 08:59:21 | INFO | model_worker | Send heart beat. Models: ['LLaMA-Omni2-7B-Bilingual']. Semaphore: Semaphore(value=5, locked=False). global_counter: 4
2026-08-19 08:59:36 | INFO | model_worker | Send heart beat. Models: ['LLaMA-Omni2-7B-Bilingual']. Semaphore: Semaphore(value=5, locked=False). global_counter: 4
2026-08-19 08:59:51 | INFO | model_worker | Send heart beat. Models: ['LLaMA-Omni2-7B-Bilingual']. Semaphore: Semaphore(value=5, locked=False). global_counter: 4
2026-08-19 09:00:06 | INFO | model_worker | Send heart beat. Models: ['LLaMA-Omni2-7B-Bilingual']. Semaphore: Semaphore(value=5, locked=False). global_counter: 4
2026-08-19 09:00:21 | INFO | model_worker | Send heart beat. Models: ['LLaMA-Omni2-7B-Bilingual']. Semaphore: Semaphore(value=5, locked=False). global_counter: 4
2026-08-19 09:00:36 | INFO | model_worker | Send heart beat. Models: ['LLaMA-Omni2-7B-Bilingual']. Semaphore: Semaphore(value=5, locked=False). global_counter: 4
2026-08-19 09:00:51 | INFO | model_worker | Send heart beat. Models: ['LLaMA-Omni2-7B-Bilingual']. Semaphore: Semaphore(value=5, locked=False). global_counter: 4
2026-08-19 09:01:06 | INFO | model_worker | Send heart beat. Models: ['LLaMA-Omni2-7B-Bilingual']. Semaphore: Semaphore(value=5, locked=False). global_counter: 4
2026-08-19 09:01:21 | INFO | model_worker | Send heart beat. Models: ['LLaMA-Omni2-7B-Bilingual']. Semaphore: Semaphore(value=5, locked=False). global_counter: 4
2026-08-19 09:01:36 | INFO | model_worker | Send heart beat. Models: ['LLaMA-Omni2-7B-Bilingual']. Semaphore: Semaphore(value=5, locked=False). global_counter: 4
2026-08-19 09:01:51 | INFO | model_worker | Send heart beat. Models: ['LLaMA-Omni2-7B-Bilingual']. Semaphore: Semaphore(value=5, locked=False). global_counter: 4
2026-08-19 09:02:06 | INFO | model_worker | Send heart beat. Models: ['LLaMA-Omni2-7B-Bilingual']. Semaphore: Semaphore(value=5, locked=False). global_counter: 4
2026-08-19 09:02:21 | INFO | model_worker | Send heart beat. Models: ['LLaMA-Omni2-7B-Bilingual']. Semaphore: Semaphore(value=5, locked=False). global_counter: 4
2026-08-19 09:02:36 | INFO | model_worker | Send heart beat. Models: ['LLaMA-Omni2-7B-Bilingual']. Semaphore: Semaphore(value=5, locked=False). global_counter: 4
2026-08-19 09:02:51 | INFO | model_worker | Send heart beat. Models: ['LLaMA-Omni2-7B-Bilingual']. Semaphore: Semaphore(value=5, locked=False). global_counter: 4
2026-08-19 09:03:06 | INFO | model_worker | Send heart beat. Models: ['LLaMA-Omni2-7B-Bilingual']. Semaphore: Semaphore(value=5, locked=False). global_counter: 4
2026-08-19 09:03:21 | INFO | model_worker | Send heart beat. Models: ['LLaMA-Omni2-7B-Bilingual']. Semaphore: Semaphore(value=5, locked=False). global_counter: 4
2026-08-19 09:03:36 | INFO | model_worker | Send heart beat. Models: ['LLaMA-Omni2-7B-Bilingual']. Semaphore: Semaphore(value=5, locked=False). global_counter: 4
2026-08-19 09:03:51 | INFO | model_worker | Send heart beat. Models: ['LLaMA-Omni2-7B-Bilingual']. Semaphore: Semaphore(value=5, locked=False). global_counter: 4
2026-08-19 09:04:06 | INFO | model_worker | Send heart beat. Models: ['LLaMA-Omni2-7B-Bilingual']. Semaphore: Semaphore(value=5, locked=False). global_counter: 4
2026-08-19 09:04:21 | INFO | model_worker | Send heart beat. Models: ['LLaMA-Omni2-7B-Bilingual']. Semaphore: Semaphore(value=5, locked=False). global_counter: 4
2026-08-19 09:04:36 | INFO | model_worker | Send heart beat. Models: ['LLaMA-Omni2-7B-Bilingual']. Semaphore: Semaphore(value=5, locked=False). global_counter: 4
2026-08-19 09:04:51 | INFO | model_worker | Send heart beat. Models: ['LLaMA-Omni2-7B-Bilingual']. Semaphore: Semaphore(value=5, locked=False). global_counter: 4
2026-08-19 09:05:06 | INFO | model_worker | Send heart beat. Models: ['LLaMA-Omni2-7B-Bilingual']. Semaphore: Semaphore(value=5, locked=False). global_counter: 4
2026-08-19 09:05:21 | INFO | model_worker | Send heart beat. Models: ['LLaMA-Omni2-7B-Bilingual']. Semaphore: Semaphore(value=5, locked=False). global_counter: 4
2026-08-19 09:05:37 | INFO | model_worker | Send heart beat. Models: ['LLaMA-Omni2-7B-Bilingual']. Semaphore: Semaphore(value=5, locked=False). global_counter: 4
2026-08-19 09:05:52 | INFO | model_worker | Send heart beat. Models: ['LLaMA-Omni2-7B-Bilingual']. Semaphore: Semaphore(value=5, locked=False). global_counter: 4
2026-08-19 09:06:07 | INFO | model_worker | Send heart beat. Models: ['LLaMA-Omni2-7B-Bilingual']. Semaphore: Semaphore(value=5, locked=False). global_counter: 4
2026-08-19 09:06:22 | INFO | model_worker | Send heart beat. Models: ['LLaMA-Omni2-7B-Bilingual']. Semaphore: Semaphore(value=5, locked=False). global_counter: 4
2026-08-19 09:06:37 | INFO | model_worker | Send heart beat. Models: ['LLaMA-Omni2-7B-Bilingual']. Semaphore: Semaphore(value=5, locked=False). global_counter: 4
2026-08-19 09:06:52 | INFO | model_worker | Send heart beat. Models: ['LLaMA-Omni2-7B-Bilingual']. Semaphore: Semaphore(value=5, locked=False). global_counter: 4
2026-08-19 09:07:07 | INFO | model_worker | Send heart beat. Models: ['LLaMA-Omni2-7B-Bilingual']. Semaphore: Semaphore(value=5, locked=False). global_counter: 4
2026-08-19 09:07:22 | INFO | model_worker | Send heart beat. Models: ['LLaMA-Omni2-7B-Bilingual']. Semaphore: Semaphore(value=5, locked=False). global_counter: 4
2026-08-19 09:07:37 | INFO | model_worker | Send heart beat. Models: ['LLaMA-Omni2-7B-Bilingual']. Semaphore: Semaphore(value=5, locked=False). global_counter: 4
2026-08-19 09:07:52 | INFO | model_worker | Send heart beat. Models: ['LLaMA-Omni2-7B-Bilingual']. Semaphore: Semaphore(value=5, locked=False). global_counter: 4
2026-08-19 09:08:07 | INFO | model_worker | Send heart beat. Models: ['LLaMA-Omni2-7B-Bilingual']. Semaphore: Semaphore(value=5, locked=False). global_counter: 4
2026-08-19 09:08:22 | INFO | model_worker | Send heart beat. Models: ['LLaMA-Omni2-7B-Bilingual']. Semaphore: Semaphore(value=5, locked=False). global_counter: 4
2026-08-19 09:08:37 | INFO | model_worker | Send heart beat. Models: ['LLaMA-Omni2-7B-Bilingual']. Semaphore: Semaphore(value=5, locked=False). global_counter: 4
2026-08-19 09:08:52 | INFO | model_worker | Send heart beat. Models: ['LLaMA-Omni2-7B-Bilingual']. Semaphore: Semaphore(value=5, locked=False). global_counter: 4
2026-08-19 09:09:07 | INFO | model_worker | Send heart beat. Models: ['LLaMA-Omni2-7B-Bilingual']. Semaphore: Semaphore(value=5, locked=False). global_counter: 4
2026-08-19 09:09:22 | INFO | model_worker | Send heart beat. Models: ['LLaMA-Omni2-7B-Bilingual']. Semaphore: Semaphore(value=5, locked=False). global_counter: 4
2026-08-19 09:09:37 | INFO | model_worker | Send heart beat. Models: ['LLaMA-Omni2-7B-Bilingual']. Semaphore: Semaphore(value=5, locked=False). global_counter: 4
2026-08-19 09:09:52 | INFO | model_worker | Send heart beat. Models: ['LLaMA-Omni2-7B-Bilingual']. Semaphore: Semaphore(value=5, locked=False). global_counter: 4
2026-08-19 09:10:07 | INFO | model_worker | Send heart beat. Models: ['LLaMA-Omni2-7B-Bilingual']. Semaphore: Semaphore(value=5, locked=False). global_counter: 4
2026-08-19 09:10:22 | INFO | model_worker | Send heart beat. Models: ['LLaMA-Omni2-7B-Bilingual']. Semaphore: Semaphore(value=5, locked=False). global_counter: 4
2026-08-19 09:10:37 | INFO | model_worker | Send heart beat. Models: ['LLaMA-Omni2-7B-Bilingual']. Semaphore: Semaphore(value=5, locked=False). global_counter: 4
2026-08-19 09:10:52 | INFO | model_worker | Send heart beat. Models: ['LLaMA-Omni2-7B-Bilingual']. Semaphore: Semaphore(value=5, locked=False). global_counter: 4
2026-08-19 09:11:07 | INFO | model_worker | Send heart beat. Models: ['LLaMA-Omni2-7B-Bilingual']. Semaphore: Semaphore(value=5, locked=False). global_counter: 4
2026-08-19 09:11:22 | INFO | model_worker | Send heart beat. Models: ['LLaMA-Omni2-7B-Bilingual']. Semaphore: Semaphore(value=5, locked=False). global_counter: 4
2026-08-19 09:11:37 | INFO | model_worker | Send heart beat. Models: ['LLaMA-Omni2-7B-Bilingual']. Semaphore: Semaphore(value=5, locked=False). global_counter: 4
2026-08-19 09:11:52 | INFO | model_worker | Send heart beat. Models: ['LLaMA-Omni2-7B-Bilingual']. Semaphore: Semaphore(value=5, locked=False). global_counter: 4
2026-08-19 09:12:07 | INFO | model_worker | Send heart beat. Models: ['LLaMA-Omni2-7B-Bilingual']. Semaphore: Semaphore(value=5, locked=False). global_counter: 4
2026-08-19 09:12:22 | INFO | model_worker | Send heart beat. Models: ['LLaMA-Omni2-7B-Bilingual']. Semaphore: Semaphore(value=5, locked=False). global_counter: 4
2026-08-19 09:12:37 | INFO | model_worker | Send heart beat. Models: ['LLaMA-Omni2-7B-Bilingual']. Semaphore: Semaphore(value=5, locked=False). global_counter: 4
2026-08-19 09:12:52 | INFO | model_worker | Send heart beat. Models: ['LLaMA-Omni2-7B-Bilingual']. Semaphore: Semaphore(value=5, locked=False). global_counter: 4
2026-08-19 09:13:07 | INFO | model_worker | Send heart beat. Models: ['LLaMA-Omni2-7B-Bilingual']. Semaphore: Semaphore(value=5, locked=False). global_counter: 4
2026-08-19 09:13:22 | INFO | model_worker | Send heart beat. Models: ['LLaMA-Omni2-7B-Bilingual']. Semaphore: Semaphore(value=5, locked=False). global_counter: 4
2026-08-19 09:13:37 | INFO | model_worker | Send heart beat. Models: ['LLaMA-Omni2-7B-Bilingual']. Semaphore: Semaphore(value=5, locked=False). global_counter: 4
2026-08-19 09:13:52 | INFO | model_worker | Send heart beat. Models: ['LLaMA-Omni2-7B-Bilingual']. Semaphore: Semaphore(value=5, locked=False). global_counter: 4
2026-08-19 09:14:07 | INFO | model_worker | Send heart beat. Models: ['LLaMA-Omni2-7B-Bilingual']. Semaphore: Semaphore(value=5, locked=False). global_counter: 4
2026-08-19 09:14:22 | INFO | model_worker | Send heart beat. Models: ['LLaMA-Omni2-7B-Bilingual']. Semaphore: Semaphore(value=5, locked=False). global_counter: 4
2026-08-19 09:14:37 | INFO | model_worker | Send heart beat. Models: ['LLaMA-Omni2-7B-Bilingual']. Semaphore: Semaphore(value=5, locked=False). global_counter: 4
2026-08-19 09:14:52 | INFO | model_worker | Send heart beat. Models: ['LLaMA-Omni2-7B-Bilingual']. Semaphore: Semaphore(value=5, locked=False). global_counter: 4
2026-08-19 09:15:07 | INFO | model_worker | Send heart beat. Models: ['LLaMA-Omni2-7B-Bilingual']. Semaphore: Semaphore(value=5, locked=False). global_counter: 4
2026-08-19 09:15:22 | INFO | model_worker | Send heart beat. Models: ['LLaMA-Omni2-7B-Bilingual']. Semaphore: Semaphore(value=5, locked=False). global_counter: 4
2026-08-19 09:15:37 | INFO | model_worker | Send heart beat. Models: ['LLaMA-Omni2-7B-Bilingual']. Semaphore: Semaphore(value=5, locked=False). global_counter: 4
2026-08-19 09:15:52 | INFO | model_worker | Send heart beat. Models: ['LLaMA-Omni2-7B-Bilingual']. Semaphore: Semaphore(value=5, locked=False). global_counter: 4
2026-08-19 09:16:07 | INFO | model_worker | Send heart beat. Models: ['LLaMA-Omni2-7B-Bilingual']. Semaphore: Semaphore(value=5, locked=False). global_counter: 4
2026-08-19 09:16:22 | INFO | model_worker | Send heart beat. Models: ['LLaMA-Omni2-7B-Bilingual']. Semaphore: Semaphore(value=5, locked=False). global_counter: 4
2026-08-19 09:16:37 | INFO | model_worker | Send heart beat. Models: ['LLaMA-Omni2-7B-Bilingual']. Semaphore: Semaphore(value=5, locked=False). global_counter: 4
2026-08-19 09:16:52 | INFO | model_worker | Send heart beat. Models: ['LLaMA-Omni2-7B-Bilingual']. Semaphore: Semaphore(value=5, locked=False). global_counter: 4
2026-08-19 09:17:07 | INFO | model_worker | Send heart beat. Models: ['LLaMA-Omni2-7B-Bilingual']. Semaphore: Semaphore(value=5, locked=False). global_counter: 4
2026-08-19 09:17:22 | INFO | model_worker | Send heart beat. Models: ['LLaMA-Omni2-7B-Bilingual']. Semaphore: Semaphore(value=5, locked=False). global_counter: 4
2026-08-19 09:17:37 | INFO | model_worker | Send heart beat. Models: ['LLaMA-Omni2-7B-Bilingual']. Semaphore: Semaphore(value=5, locked=False). global_counter: 4
2026-08-19 09:17:52 | INFO | model_worker | Send heart beat. Models: ['LLaMA-Omni2-7B-Bilingual']. Semaphore: Semaphore(value=5, locked=False). global_counter: 4
2026-08-19 09:18:07 | INFO | model_worker | Send heart beat. Models: ['LLaMA-Omni2-7B-Bilingual']. Semaphore: Semaphore(value=5, locked=False). global_counter: 4
2026-08-19 09:18:23 | INFO | model_worker | Send heart beat. Models: ['LLaMA-Omni2-7B-Bilingual']. Semaphore: Semaphore(value=5, locked=False). global_counter: 4
2026-08-19 09:18:38 | INFO | model_worker | Send heart beat. Models: ['LLaMA-Omni2-7B-Bilingual']. Semaphore: Semaphore(value=5, locked=False). global_counter: 4
2026-08-19 09:18:53 | INFO | model_worker | Send heart beat. Models: ['LLaMA-Omni2-7B-Bilingual']. Semaphore: Semaphore(value=5, locked=False). global_counter: 4
2026-08-19 09:19:08 | INFO | model_worker | Send heart beat. Models: ['LLaMA-Omni2-7B-Bilingual']. Semaphore: Semaphore(value=5, locked=False). global_counter: 4
2026-08-19 09:19:23 | INFO | model_worker | Send heart beat. Models: ['LLaMA-Omni2-7B-Bilingual']. Semaphore: Semaphore(value=5, locked=False). global_counter: 4
2026-08-19 09:19:38 | INFO | model_worker | Send heart beat. Models: ['LLaMA-Omni2-7B-Bilingual']. Semaphore: Semaphore(value=5, locked=False). global_counter: 4
2026-08-19 09:19:53 | INFO | model_worker | Send heart beat. Models: ['LLaMA-Omni2-7B-Bilingual']. Semaphore: Semaphore(value=5, locked=False). global_counter: 4
2026-08-19 09:20:08 | INFO | model_worker | Send heart beat. Models: ['LLaMA-Omni2-7B-Bilingual']. Semaphore: Semaphore(value=5, locked=False). global_counter: 4
2026-08-19 09:20:23 | INFO | model_worker | Send heart beat. Models: ['LLaMA-Omni2-7B-Bilingual']. Semaphore: Semaphore(value=5, locked=False). global_counter: 4
2026-08-19 09:20:38 | INFO | model_worker | Send heart beat. Models: ['LLaMA-Omni2-7B-Bilingual']. Semaphore: Semaphore(value=5, locked=False). global_counter: 4
2026-08-19 09:20:53 | INFO | model_worker | Send heart beat. Models: ['LLaMA-Omni2-7B-Bilingual']. Semaphore: Semaphore(value=5, locked=False). global_counter: 4
2026-08-19 09:21:08 | INFO | model_worker | Send heart beat. Models: ['LLaMA-Omni2-7B-Bilingual']. Semaphore: Semaphore(value=5, locked=False). global_counter: 4
2026-08-19 09:21:23 | INFO | model_worker | Send heart beat. Models: ['LLaMA-Omni2-7B-Bilingual']. Semaphore: Semaphore(value=5, locked=False). global_counter: 4
2026-08-19 09:21:38 | INFO | model_worker | Send heart beat. Models: ['LLaMA-Omni2-7B-Bilingual']. Semaphore: Semaphore(value=5, locked=False). global_counter: 4
2026-08-19 09:21:53 | INFO | model_worker | Send heart beat. Models: ['LLaMA-Omni2-7B-Bilingual']. Semaphore: Semaphore(value=5, locked=False). global_counter: 4
2026-08-19 09:22:08 | INFO | model_worker | Send heart beat. Models: ['LLaMA-Omni2-7B-Bilingual']. Semaphore: Semaphore(value=5, locked=False). global_counter: 4
2026-08-19 09:22:23 | INFO | model_worker | Send heart beat. Models: ['LLaMA-Omni2-7B-Bilingual']. Semaphore: Semaphore(value=5, locked=False). global_counter: 4
2026-08-19 09:22:38 | INFO | model_worker | Send heart beat. Models: ['LLaMA-Omni2-7B-Bilingual']. Semaphore: Semaphore(value=5, locked=False). global_counter: 4
2026-08-19 09:22:53 | INFO | model_worker | Send heart beat. Models: ['LLaMA-Omni2-7B-Bilingual']. Semaphore: Semaphore(value=5, locked=False). global_counter: 4
2026-08-19 09:23:08 | INFO | model_worker | Send heart beat. Models: ['LLaMA-Omni2-7B-Bilingual']. Semaphore: Semaphore(value=5, locked=False). global_counter: 4
2026-08-19 09:23:23 | INFO | model_worker | Send heart beat. Models: ['LLaMA-Omni2-7B-Bilingual']. Semaphore: Semaphore(value=5, locked=False). global_counter: 4
2026-08-19 09:23:38 | INFO | model_worker | Send heart beat. Models: ['LLaMA-Omni2-7B-Bilingual']. Semaphore: Semaphore(value=5, locked=False). global_counter: 4
2026-08-19 09:23:53 | INFO | model_worker | Send heart beat. Models: ['LLaMA-Omni2-7B-Bilingual']. Semaphore: Semaphore(value=5, locked=False). global_counter: 4
2026-08-19 09:24:08 | INFO | model_worker | Send heart beat. Models: ['LLaMA-Omni2-7B-Bilingual']. Semaphore: Semaphore(value=5, locked=False). global_counter: 4
2026-08-19 09:24:23 | INFO | model_worker | Send heart beat. Models: ['LLaMA-Omni2-7B-Bilingual']. Semaphore: Semaphore(value=5, locked=False). global_counter: 4
2026-08-19 09:24:38 | INFO | model_worker | Send heart beat. Models: ['LLaMA-Omni2-7B-Bilingual']. Semaphore: Semaphore(value=5, locked=False). global_counter: 4
2026-08-19 09:24:53 | INFO | model_worker | Send heart beat. Models: ['LLaMA-Omni2-7B-Bilingual']. Semaphore: Semaphore(value=5, locked=False). global_counter: 4
2026-08-19 09:25:08 | INFO | model_worker | Send heart beat. Models: ['LLaMA-Omni2-7B-Bilingual']. Semaphore: Semaphore(value=5, locked=False). global_counter: 4
2026-08-19 09:25:23 | INFO | model_worker | Send heart beat. Models: ['LLaMA-Omni2-7B-Bilingual']. Semaphore: Semaphore(value=5, locked=False). global_counter: 4
2026-08-19 09:25:38 | INFO | model_worker | Send heart beat. Models: ['LLaMA-Omni2-7B-Bilingual']. Semaphore: Semaphore(value=5, locked=False). global_counter: 4
2026-08-19 09:25:53 | INFO | model_worker | Send heart beat. Models: ['LLaMA-Omni2-7B-Bilingual']. Semaphore: Semaphore(value=5, locked=False). global_counter: 4
2026-08-19 09:26:08 | INFO | model_worker | Send heart beat. Models: ['LLaMA-Omni2-7B-Bilingual']. Semaphore: Semaphore(value=5, locked=False). global_counter: 4
2026-08-19 09:26:23 | INFO | model_worker | Send heart beat. Models: ['LLaMA-Omni2-7B-Bilingual']. Semaphore: Semaphore(value=5, locked=False). global_counter: 4
2026-08-19 09:26:38 | INFO | model_worker | Send heart beat. Models: ['LLaMA-Omni2-7B-Bilingual']. Semaphore: Semaphore(value=5, locked=False). global_counter: 4
2026-08-19 09:26:53 | INFO | model_worker | Send heart beat. Models: ['LLaMA-Omni2-7B-Bilingual']. Semaphore: Semaphore(value=5, locked=False). global_counter: 4
2026-08-19 09:27:08 | INFO | model_worker | Send heart beat. Models: ['LLaMA-Omni2-7B-Bilingual']. Semaphore: Semaphore(value=5, locked=False). global_counter: 4
2026-08-19 09:27:23 | INFO | model_worker | Send heart beat. Models: ['LLaMA-Omni2-7B-Bilingual']. Semaphore: Semaphore(value=5, locked=False). global_counter: 4
2026-08-19 09:27:38 | INFO | model_worker | Send heart beat. Models: ['LLaMA-Omni2-7B-Bilingual']. Semaphore: Semaphore(value=5, locked=False). global_counter: 4
2026-08-19 09:27:53 | INFO | model_worker | Send heart beat. Models: ['LLaMA-Omni2-7B-Bilingual']. Semaphore: Semaphore(value=5, locked=False). global_counter: 4
2026-08-19 09:28:08 | INFO | model_worker | Send heart beat. Models: ['LLaMA-Omni2-7B-Bilingual']. Semaphore: Semaphore(value=5, locked=False). global_counter: 4
2026-08-19 09:28:23 | INFO | model_worker | Send heart beat. Models: ['LLaMA-Omni2-7B-Bilingual']. Semaphore: Semaphore(value=5, locked=False). global_counter: 4
2026-08-19 09:28:38 | INFO | model_worker | Send heart beat. Models: ['LLaMA-Omni2-7B-Bilingual']. Semaphore: Semaphore(value=5, locked=False). global_counter: 4
2026-08-19 09:28:53 | INFO | model_worker | Send heart beat. Models: ['LLaMA-Omni2-7B-Bilingual']. Semaphore: Semaphore(value=5, locked=False). global_counter: 4
2026-08-19 09:29:08 | INFO | model_worker | Send heart beat. Models: ['LLaMA-Omni2-7B-Bilingual']. Semaphore: Semaphore(value=5, locked=False). global_counter: 4
2026-08-19 09:29:23 | INFO | model_worker | Send heart beat. Models: ['LLaMA-Omni2-7B-Bilingual']. Semaphore: Semaphore(value=5, locked=False). global_counter: 4
2026-08-19 09:29:38 | INFO | model_worker | Send heart beat. Models: ['LLaMA-Omni2-7B-Bilingual']. Semaphore: Semaphore(value=5, locked=False). global_counter: 4
2026-08-19 09:29:53 | INFO | model_worker | Send heart beat. Models: ['LLaMA-Omni2-7B-Bilingual']. Semaphore: Semaphore(value=5, locked=False). global_counter: 4
2026-08-19 09:30:08 | INFO | model_worker | Send heart beat. Models: ['LLaMA-Omni2-7B-Bilingual']. Semaphore: Semaphore(value=5, locked=False). global_counter: 4
2026-08-19 09:30:23 | INFO | model_worker | Send heart beat. Models: ['LLaMA-Omni2-7B-Bilingual']. Semaphore: Semaphore(value=5, locked=False). global_counter: 4
2026-08-19 09:30:38 | INFO | model_worker | Send heart beat. Models: ['LLaMA-Omni2-7B-Bilingual']. Semaphore: Semaphore(value=5, locked=False). global_counter: 4
2026-08-19 09:30:53 | INFO | model_worker | Send heart beat. Models: ['LLaMA-Omni2-7B-Bilingual']. Semaphore: Semaphore(value=5, locked=False). global_counter: 4
2026-08-19 09:31:08 | INFO | model_worker | Send heart beat. Models: ['LLaMA-Omni2-7B-Bilingual']. Semaphore: Semaphore(value=5, locked=False). global_counter: 4
2026-08-19 09:31:23 | INFO | model_worker | Send heart beat. Models: ['LLaMA-Omni2-7B-Bilingual']. Semaphore: Semaphore(value=5, locked=False). global_counter: 4
2026-08-19 09:31:39 | INFO | model_worker | Send heart beat. Models: ['LLaMA-Omni2-7B-Bilingual']. Semaphore: Semaphore(value=5, locked=False). global_counter: 4
2026-08-19 09:31:54 | INFO | model_worker | Send heart beat. Models: ['LLaMA-Omni2-7B-Bilingual']. Semaphore: Semaphore(value=5, locked=False). global_counter: 4
2026-08-19 09:32:09 | INFO | model_worker | Send heart beat. Models: ['LLaMA-Omni2-7B-Bilingual']. Semaphore: Semaphore(value=5, locked=False). global_counter: 4
2026-08-19 09:32:24 | INFO | model_worker | Send heart beat. Models: ['LLaMA-Omni2-7B-Bilingual']. Semaphore: Semaphore(value=5, locked=False). global_counter: 4
2026-08-19 09:32:39 | INFO | model_worker | Send heart beat. Models: ['LLaMA-Omni2-7B-Bilingual']. Semaphore: Semaphore(value=5, locked=False). global_counter: 4
2026-08-19 09:32:54 | INFO | model_worker | Send heart beat. Models: ['LLaMA-Omni2-7B-Bilingual']. Semaphore: Semaphore(value=5, locked=False). global_counter: 4
2026-08-19 09:33:09 | INFO | model_worker | Send heart beat. Models: ['LLaMA-Omni2-7B-Bilingual']. Semaphore: Semaphore(value=5, locked=False). global_counter: 4
2026-08-19 09:33:24 | INFO | model_worker | Send heart beat. Models: ['LLaMA-Omni2-7B-Bilingual']. Semaphore: Semaphore(value=5, locked=False). global_counter: 4
2026-08-19 09:33:39 | INFO | model_worker | Send heart beat. Models: ['LLaMA-Omni2-7B-Bilingual']. Semaphore: Semaphore(value=5, locked=False). global_counter: 4
2026-08-19 09:33:54 | INFO | model_worker | Send heart beat. Models: ['LLaMA-Omni2-7B-Bilingual']. Semaphore: Semaphore(value=5, locked=False). global_counter: 4
2026-08-19 09:34:09 | INFO | model_worker | Send heart beat. Models: ['LLaMA-Omni2-7B-Bilingual']. Semaphore: Semaphore(value=5, locked=False). global_counter: 4
2026-08-19 09:34:24 | INFO | model_worker | Send heart beat. Models: ['LLaMA-Omni2-7B-Bilingual']. Semaphore: Semaphore(value=5, locked=False). global_counter: 4
2026-08-19 09:34:39 | INFO | model_worker | Send heart beat. Models: ['LLaMA-Omni2-7B-Bilingual']. Semaphore: Semaphore(value=5, locked=False). global_counter: 4
2026-08-19 09:34:54 | INFO | model_worker | Send heart beat. Models: ['LLaMA-Omni2-7B-Bilingual']. Semaphore: Semaphore(value=5, locked=False). global_counter: 4
2026-08-19 09:35:09 | INFO | model_worker | Send heart beat. Models: ['LLaMA-Omni2-7B-Bilingual']. Semaphore: Semaphore(value=5, locked=False). global_counter: 4
2026-08-19 09:35:24 | INFO | model_worker | Send heart beat. Models: ['LLaMA-Omni2-7B-Bilingual']. Semaphore: Semaphore(value=5, locked=False). global_counter: 4
2026-08-19 09:35:39 | INFO | model_worker | Send heart beat. Models: ['LLaMA-Omni2-7B-Bilingual']. Semaphore: Semaphore(value=5, locked=False). global_counter: 4
2026-08-19 09:35:54 | INFO | model_worker | Send heart beat. Models: ['LLaMA-Omni2-7B-Bilingual']. Semaphore: Semaphore(value=5, locked=False). global_counter: 4
2026-08-19 09:36:09 | INFO | model_worker | Send heart beat. Models: ['LLaMA-Omni2-7B-Bilingual']. Semaphore: Semaphore(value=5, locked=False). global_counter: 4
2026-08-19 09:36:24 | INFO | model_worker | Send heart beat. Models: ['LLaMA-Omni2-7B-Bilingual']. Semaphore: Semaphore(value=5, locked=False). global_counter: 4
2026-08-19 09:36:39 | INFO | model_worker | Send heart beat. Models: ['LLaMA-Omni2-7B-Bilingual']. Semaphore: Semaphore(value=5, locked=False). global_counter: 4
2026-08-19 09:36:54 | INFO | model_worker | Send heart beat. Models: ['LLaMA-Omni2-7B-Bilingual']. Semaphore: Semaphore(value=5, locked=False). global_counter: 4
2026-08-19 09:37:09 | INFO | model_worker | Send heart beat. Models: ['LLaMA-Omni2-7B-Bilingual']. Semaphore: Semaphore(value=5, locked=False). global_counter: 4
2026-08-19 09:37:24 | INFO | model_worker | Send heart beat. Models: ['LLaMA-Omni2-7B-Bilingual']. Semaphore: Semaphore(value=5, locked=False). global_counter: 4
2026-08-19 09:37:39 | INFO | model_worker | Send heart beat. Models: ['LLaMA-Omni2-7B-Bilingual']. Semaphore: Semaphore(value=5, locked=False). global_counter: 4
2026-08-19 09:37:54 | INFO | model_worker | Send heart beat. Models: ['LLaMA-Omni2-7B-Bilingual']. Semaphore: Semaphore(value=5, locked=False). global_counter: 4
2026-08-19 09:38:09 | INFO | model_worker | Send heart beat. Models: ['LLaMA-Omni2-7B-Bilingual']. Semaphore: Semaphore(value=5, locked=False). global_counter: 4
2026-08-19 09:38:24 | INFO | model_worker | Send heart beat. Models: ['LLaMA-Omni2-7B-Bilingual']. Semaphore: Semaphore(value=5, locked=False). global_counter: 4
2026-08-19 09:38:39 | INFO | model_worker | Send heart beat. Models: ['LLaMA-Omni2-7B-Bilingual']. Semaphore: Semaphore(value=5, locked=False). global_counter: 4
2026-08-19 09:38:54 | INFO | model_worker | Send heart beat. Models: ['LLaMA-Omni2-7B-Bilingual']. Semaphore: Semaphore(value=5, locked=False). global_counter: 4
2026-08-19 09:39:09 | INFO | model_worker | Send heart beat. Models: ['LLaMA-Omni2-7B-Bilingual']. Semaphore: Semaphore(value=5, locked=False). global_counter: 4
2026-08-19 09:39:24 | INFO | model_worker | Send heart beat. Models: ['LLaMA-Omni2-7B-Bilingual']. Semaphore: Semaphore(value=5, locked=False). global_counter: 4
2026-08-19 09:39:39 | INFO | model_worker | Send heart beat. Models: ['LLaMA-Omni2-7B-Bilingual']. Semaphore: Semaphore(value=5, locked=False). global_counter: 4
2026-08-19 09:39:54 | INFO | model_worker | Send heart beat. Models: ['LLaMA-Omni2-7B-Bilingual']. Semaphore: Semaphore(value=5, locked=False). global_counter: 4
2026-08-19 09:40:09 | INFO | model_worker | Send heart beat. Models: ['LLaMA-Omni2-7B-Bilingual']. Semaphore: Semaphore(value=5, locked=False). global_counter: 4
2026-08-19 09:40:24 | INFO | model_worker | Send heart beat. Models: ['LLaMA-Omni2-7B-Bilingual']. Semaphore: Semaphore(value=5, locked=False). global_counter: 4
2026-08-19 09:40:39 | INFO | model_worker | Send heart beat. Models: ['LLaMA-Omni2-7B-Bilingual']. Semaphore: Semaphore(value=5, locked=False). global_counter: 4
2026-08-19 09:40:54 | INFO | model_worker | Send heart beat. Models: ['LLaMA-Omni2-7B-Bilingual']. Semaphore: Semaphore(value=5, locked=False). global_counter: 4
2026-08-19 09:41:09 | INFO | model_worker | Send heart beat. Models: ['LLaMA-Omni2-7B-Bilingual']. Semaphore: Semaphore(value=5, locked=False). global_counter: 4
2026-08-19 09:41:24 | INFO | model_worker | Send heart beat. Models: ['LLaMA-Omni2-7B-Bilingual']. Semaphore: Semaphore(value=5, locked=False). global_counter: 4
2026-08-19 09:41:39 | INFO | model_worker | Send heart beat. Models: ['LLaMA-Omni2-7B-Bilingual']. Semaphore: Semaphore(value=5, locked=False). global_counter: 4
2026-08-19 09:41:54 | INFO | model_worker | Send heart beat. Models: ['LLaMA-Omni2-7B-Bilingual']. Semaphore: Semaphore(value=5, locked=False). global_counter: 4
2026-08-19 09:42:09 | INFO | model_worker | Send heart beat. Models: ['LLaMA-Omni2-7B-Bilingual']. Semaphore: Semaphore(value=5, locked=False). global_counter: 4
2026-08-19 09:42:24 | INFO | model_worker | Send heart beat. Models: ['LLaMA-Omni2-7B-Bilingual']. Semaphore: Semaphore(value=5, locked=False). global_counter: 4
2026-08-19 09:42:39 | INFO | model_worker | Send heart beat. Models: ['LLaMA-Omni2-7B-Bilingual']. Semaphore: Semaphore(value=5, locked=False). global_counter: 4
2026-08-19 09:42:54 | INFO | model_worker | Send heart beat. Models: ['LLaMA-Omni2-7B-Bilingual']. Semaphore: Semaphore(value=5, locked=False). global_counter: 4
2026-08-19 09:43:09 | INFO | model_worker | Send heart beat. Models: ['LLaMA-Omni2-7B-Bilingual']. Semaphore: Semaphore(value=5, locked=False). global_counter: 4
2026-08-19 09:43:24 | INFO | model_worker | Send heart beat. Models: ['LLaMA-Omni2-7B-Bilingual']. Semaphore: Semaphore(value=5, locked=False). global_counter: 4
2026-08-19 09:43:39 | INFO | model_worker | Send heart beat. Models: ['LLaMA-Omni2-7B-Bilingual']. Semaphore: Semaphore(value=5, locked=False). global_counter: 4
2026-08-19 09:43:54 | INFO | model_worker | Send heart beat. Models: ['LLaMA-Omni2-7B-Bilingual']. Semaphore: Semaphore(value=5, locked=False). global_counter: 4
2026-08-19 09:44:09 | INFO | model_worker | Send heart beat. Models: ['LLaMA-Omni2-7B-Bilingual']. Semaphore: Semaphore(value=5, locked=False). global_counter: 4
2026-08-19 09:44:24 | INFO | model_worker | Send heart beat. Models: ['LLaMA-Omni2-7B-Bilingual']. Semaphore: Semaphore(value=5, locked=False). global_counter: 4
2026-08-19 09:44:39 | INFO | model_worker | Send heart beat. Models: ['LLaMA-Omni2-7B-Bilingual']. Semaphore: Semaphore(value=5, locked=False). global_counter: 4
2026-08-19 09:44:54 | INFO | model_worker | Send heart beat. Models: ['LLaMA-Omni2-7B-Bilingual']. Semaphore: Semaphore(value=5, locked=False). global_counter: 4
2026-08-19 09:45:09 | INFO | model_worker | Send heart beat. Models: ['LLaMA-Omni2-7B-Bilingual']. Semaphore: Semaphore(value=5, locked=False). global_counter: 4
2026-08-19 09:45:25 | INFO | model_worker | Send heart beat. Models: ['LLaMA-Omni2-7B-Bilingual']. Semaphore: Semaphore(value=5, locked=False). global_counter: 4
2026-08-19 09:45:40 | INFO | model_worker | Send heart beat. Models: ['LLaMA-Omni2-7B-Bilingual']. Semaphore: Semaphore(value=5, locked=False). global_counter: 4
2026-08-19 09:45:55 | INFO | model_worker | Send heart beat. Models: ['LLaMA-Omni2-7B-Bilingual']. Semaphore: Semaphore(value=5, locked=False). global_counter: 4
2026-08-19 09:46:10 | INFO | model_worker | Send heart beat. Models: ['LLaMA-Omni2-7B-Bilingual']. Semaphore: Semaphore(value=5, locked=False). global_counter: 4
2026-08-19 09:46:25 | INFO | model_worker | Send heart beat. Models: ['LLaMA-Omni2-7B-Bilingual']. Semaphore: Semaphore(value=5, locked=False). global_counter: 4
2026-08-19 09:46:40 | INFO | model_worker | Send heart beat. Models: ['LLaMA-Omni2-7B-Bilingual']. Semaphore: Semaphore(value=5, locked=False). global_counter: 4
2026-08-19 09:46:55 | INFO | model_worker | Send heart beat. Models: ['LLaMA-Omni2-7B-Bilingual']. Semaphore: Semaphore(value=5, locked=False). global_counter: 4
2026-08-19 09:47:10 | INFO | model_worker | Send heart beat. Models: ['LLaMA-Omni2-7B-Bilingual']. Semaphore: Semaphore(value=5, locked=False). global_counter: 4
2026-08-19 09:47:25 | INFO | model_worker | Send heart beat. Models: ['LLaMA-Omni2-7B-Bilingual']. Semaphore: Semaphore(value=5, locked=False). global_counter: 4
2026-08-19 09:47:40 | INFO | model_worker | Send heart beat. Models: ['LLaMA-Omni2-7B-Bilingual']. Semaphore: Semaphore(value=5, locked=False). global_counter: 4
2026-08-19 09:47:55 | INFO | model_worker | Send heart beat. Models: ['LLaMA-Omni2-7B-Bilingual']. Semaphore: Semaphore(value=5, locked=False). global_counter: 4
2026-08-19 09:48:10 | INFO | model_worker | Send heart beat. Models: ['LLaMA-Omni2-7B-Bilingual']. Semaphore: Semaphore(value=5, locked=False). global_counter: 4
2026-08-19 09:48:25 | INFO | model_worker | Send heart beat. Models: ['LLaMA-Omni2-7B-Bilingual']. Semaphore: Semaphore(value=5, locked=False). global_counter: 4
2026-08-19 09:48:40 | INFO | model_worker | Send heart beat. Models: ['LLaMA-Omni2-7B-Bilingual']. Semaphore: Semaphore(value=5, locked=False). global_counter: 4
2026-08-19 09:48:55 | INFO | model_worker | Send heart beat. Models: ['LLaMA-Omni2-7B-Bilingual']. Semaphore: Semaphore(value=5, locked=False). global_counter: 4
2026-08-19 09:49:10 | INFO | model_worker | Send heart beat. Models: ['LLaMA-Omni2-7B-Bilingual']. Semaphore: Semaphore(value=5, locked=False). global_counter: 4
2026-08-19 09:49:25 | INFO | model_worker | Send heart beat. Models: ['LLaMA-Omni2-7B-Bilingual']. Semaphore: Semaphore(value=5, locked=False). global_counter: 4
2026-08-19 09:49:40 | INFO | model_worker | Send heart beat. Models: ['LLaMA-Omni2-7B-Bilingual']. Semaphore: Semaphore(value=5, locked=False). global_counter: 4
2026-08-19 09:49:55 | INFO | model_worker | Send heart beat. Models: ['LLaMA-Omni2-7B-Bilingual']. Semaphore: Semaphore(value=5, locked=False). global_counter: 4
2026-08-19 09:50:10 | INFO | model_worker | Send heart beat. Models: ['LLaMA-Omni2-7B-Bilingual']. Semaphore: Semaphore(value=5, locked=False). global_counter: 4
2026-08-19 09:50:25 | INFO | model_worker | Send heart beat. Models: ['LLaMA-Omni2-7B-Bilingual']. Semaphore: Semaphore(value=5, locked=False). global_counter: 4
2026-08-19 09:50:40 | INFO | model_worker | Send heart beat. Models: ['LLaMA-Omni2-7B-Bilingual']. Semaphore: Semaphore(value=5, locked=False). global_counter: 4
2026-08-19 09:50:55 | INFO | model_worker | Send heart beat. Models: ['LLaMA-Omni2-7B-Bilingual']. Semaphore: Semaphore(value=5, locked=False). global_counter: 4
2026-08-19 09:51:10 | INFO | model_worker | Send heart beat. Models: ['LLaMA-Omni2-7B-Bilingual']. Semaphore: Semaphore(value=5, locked=False). global_counter: 4
2026-08-19 09:51:25 | INFO | model_worker | Send heart beat. Models: ['LLaMA-Omni2-7B-Bilingual']. Semaphore: Semaphore(value=5, locked=False). global_counter: 4
2026-08-19 09:51:40 | INFO | model_worker | Send heart beat. Models: ['LLaMA-Omni2-7B-Bilingual']. Semaphore: Semaphore(value=5, locked=False). global_counter: 4
2026-08-19 09:51:55 | INFO | model_worker | Send heart beat. Models: ['LLaMA-Omni2-7B-Bilingual']. Semaphore: Semaphore(value=5, locked=False). global_counter: 4
2026-08-19 09:52:10 | INFO | model_worker | Send heart beat. Models: ['LLaMA-Omni2-7B-Bilingual']. Semaphore: Semaphore(value=5, locked=False). global_counter: 4
2026-08-19 09:52:25 | INFO | model_worker | Send heart beat. Models: ['LLaMA-Omni2-7B-Bilingual']. Semaphore: Semaphore(value=5, locked=False). global_counter: 4
2026-08-19 09:52:40 | INFO | model_worker | Send heart beat. Models: ['LLaMA-Omni2-7B-Bilingual']. Semaphore: Semaphore(value=5, locked=False). global_counter: 4
2026-08-19 09:52:55 | INFO | model_worker | Send heart beat. Models: ['LLaMA-Omni2-7B-Bilingual']. Semaphore: Semaphore(value=5, locked=False). global_counter: 4
2026-08-19 09:53:10 | INFO | model_worker | Send heart beat. Models: ['LLaMA-Omni2-7B-Bilingual']. Semaphore: Semaphore(value=5, locked=False). global_counter: 4
2026-08-19 09:53:25 | INFO | model_worker | Send heart beat. Models: ['LLaMA-Omni2-7B-Bilingual']. Semaphore: Semaphore(value=5, locked=False). global_counter: 4
2026-08-19 09:53:40 | INFO | model_worker | Send heart beat. Models: ['LLaMA-Omni2-7B-Bilingual']. Semaphore: Semaphore(value=5, locked=False). global_counter: 4
2026-08-19 09:53:55 | INFO | model_worker | Send heart beat. Models: ['LLaMA-Omni2-7B-Bilingual']. Semaphore: Semaphore(value=5, locked=False). global_counter: 4
2026-08-19 09:54:10 | INFO | model_worker | Send heart beat. Models: ['LLaMA-Omni2-7B-Bilingual']. Semaphore: Semaphore(value=5, locked=False). global_counter: 4
2026-08-19 09:54:25 | INFO | model_worker | Send heart beat. Models: ['LLaMA-Omni2-7B-Bilingual']. Semaphore: Semaphore(value=5, locked=False). global_counter: 4
2026-08-19 09:54:40 | INFO | model_worker | Send heart beat. Models: ['LLaMA-Omni2-7B-Bilingual']. Semaphore: Semaphore(value=5, locked=False). global_counter: 4
2026-08-19 09:54:55 | INFO | model_worker | Send heart beat. Models: ['LLaMA-Omni2-7B-Bilingual']. Semaphore: Semaphore(value=5, locked=False). global_counter: 4
2026-08-19 09:55:10 | INFO | model_worker | Send heart beat. Models: ['LLaMA-Omni2-7B-Bilingual']. Semaphore: Semaphore(value=5, locked=False). global_counter: 4
2026-08-19 09:55:25 | INFO | model_worker | Send heart beat. Models: ['LLaMA-Omni2-7B-Bilingual']. Semaphore: Semaphore(value=5, locked=False). global_counter: 4
2026-08-19 09:55:40 | INFO | model_worker | Send heart beat. Models: ['LLaMA-Omni2-7B-Bilingual']. Semaphore: Semaphore(value=5, locked=False). global_counter: 4
2026-08-19 09:55:55 | INFO | model_worker | Send heart beat. Models: ['LLaMA-Omni2-7B-Bilingual']. Semaphore: Semaphore(value=5, locked=False). global_counter: 4
2026-08-19 09:56:10 | INFO | model_worker | Send heart beat. Models: ['LLaMA-Omni2-7B-Bilingual']. Semaphore: Semaphore(value=5, locked=False). global_counter: 4
2026-08-19 09:56:25 | INFO | model_worker | Send heart beat. Models: ['LLaMA-Omni2-7B-Bilingual']. Semaphore: Semaphore(value=5, locked=False). global_counter: 4
2026-08-19 09:56:40 | INFO | model_worker | Send heart beat. Models: ['LLaMA-Omni2-7B-Bilingual']. Semaphore: Semaphore(value=5, locked=False). global_counter: 4
2026-08-19 09:56:55 | INFO | model_worker | Send heart beat. Models: ['LLaMA-Omni2-7B-Bilingual']. Semaphore: Semaphore(value=5, locked=False). global_counter: 4
2026-08-19 09:57:10 | INFO | model_worker | Send heart beat. Models: ['LLaMA-Omni2-7B-Bilingual']. Semaphore: Semaphore(value=5, locked=False). global_counter: 4
2026-08-19 09:57:25 | INFO | model_worker | Send heart beat. Models: ['LLaMA-Omni2-7B-Bilingual']. Semaphore: Semaphore(value=5, locked=False). global_counter: 4
2026-08-19 09:57:40 | INFO | model_worker | Send heart beat. Models: ['LLaMA-Omni2-7B-Bilingual']. Semaphore: Semaphore(value=5, locked=False). global_counter: 4
2026-08-19 09:57:55 | INFO | model_worker | Send heart beat. Models: ['LLaMA-Omni2-7B-Bilingual']. Semaphore: Semaphore(value=5, locked=False). global_counter: 4
2026-08-19 09:58:10 | INFO | model_worker | Send heart beat. Models: ['LLaMA-Omni2-7B-Bilingual']. Semaphore: Semaphore(value=5, locked=False). global_counter: 4
2026-08-19 09:58:25 | INFO | model_worker | Send heart beat. Models: ['LLaMA-Omni2-7B-Bilingual']. Semaphore: Semaphore(value=5, locked=False). global_counter: 4
2026-08-19 09:58:40 | INFO | model_worker | Send heart beat. Models: ['LLaMA-Omni2-7B-Bilingual']. Semaphore: Semaphore(value=5, locked=False). global_counter: 4
2026-08-19 09:58:55 | INFO | model_worker | Send heart beat. Models: ['LLaMA-Omni2-7B-Bilingual']. Semaphore: Semaphore(value=5, locked=False). global_counter: 4
2026-08-19 09:59:10 | INFO | model_worker | Send heart beat. Models: ['LLaMA-Omni2-7B-Bilingual']. Semaphore: Semaphore(value=5, locked=False). global_counter: 4
2026-08-19 09:59:26 | INFO | model_worker | Send heart beat. Models: ['LLaMA-Omni2-7B-Bilingual']. Semaphore: Semaphore(value=5, locked=False). global_counter: 4
2026-08-19 09:59:41 | INFO | model_worker | Send heart beat. Models: ['LLaMA-Omni2-7B-Bilingual']. Semaphore: Semaphore(value=5, locked=False). global_counter: 4
2026-08-19 09:59:56 | INFO | model_worker | Send heart beat. Models: ['LLaMA-Omni2-7B-Bilingual']. Semaphore: Semaphore(value=5, locked=False). global_counter: 4
2026-08-19 10:00:11 | INFO | model_worker | Send heart beat. Models: ['LLaMA-Omni2-7B-Bilingual']. Semaphore: Semaphore(value=5, locked=False). global_counter: 4
2026-08-19 10:00:26 | INFO | model_worker | Send heart beat. Models: ['LLaMA-Omni2-7B-Bilingual']. Semaphore: Semaphore(value=5, locked=False). global_counter: 4
2026-08-19 10:00:41 | INFO | model_worker | Send heart beat. Models: ['LLaMA-Omni2-7B-Bilingual']. Semaphore: Semaphore(value=5, locked=False). global_counter: 4
2026-08-19 10:00:56 | INFO | model_worker | Send heart beat. Models: ['LLaMA-Omni2-7B-Bilingual']. Semaphore: Semaphore(value=5, locked=False). global_counter: 4
2026-08-19 10:01:11 | INFO | model_worker | Send heart beat. Models: ['LLaMA-Omni2-7B-Bilingual']. Semaphore: Semaphore(value=5, locked=False). global_counter: 4
2026-08-19 10:01:26 | INFO | model_worker | Send heart beat. Models: ['LLaMA-Omni2-7B-Bilingual']. Semaphore: Semaphore(value=5, locked=False). global_counter: 4
2026-08-19 10:01:41 | INFO | model_worker | Send heart beat. Models: ['LLaMA-Omni2-7B-Bilingual']. Semaphore: Semaphore(value=5, locked=False). global_counter: 4
2026-08-19 10:01:56 | INFO | model_worker | Send heart beat. Models: ['LLaMA-Omni2-7B-Bilingual']. Semaphore: Semaphore(value=5, locked=False). global_counter: 4
2026-08-19 10:02:11 | INFO | model_worker | Send heart beat. Models: ['LLaMA-Omni2-7B-Bilingual']. Semaphore: Semaphore(value=5, locked=False). global_counter: 4
2026-08-19 10:02:26 | INFO | model_worker | Send heart beat. Models: ['LLaMA-Omni2-7B-Bilingual']. Semaphore: Semaphore(value=5, locked=False). global_counter: 4
2026-08-19 10:02:41 | INFO | model_worker | Send heart beat. Models: ['LLaMA-Omni2-7B-Bilingual']. Semaphore: Semaphore(value=5, locked=False). global_counter: 4
2026-08-19 10:02:56 | INFO | model_worker | Send heart beat. Models: ['LLaMA-Omni2-7B-Bilingual']. Semaphore: Semaphore(value=5, locked=False). global_counter: 4
2026-08-19 10:03:11 | INFO | model_worker | Send heart beat. Models: ['LLaMA-Omni2-7B-Bilingual']. Semaphore: Semaphore(value=5, locked=False). global_counter: 4
2026-08-19 10:03:26 | INFO | model_worker | Send heart beat. Models: ['LLaMA-Omni2-7B-Bilingual']. Semaphore: Semaphore(value=5, locked=False). global_counter: 4
2026-08-19 10:03:41 | INFO | model_worker | Send heart beat. Models: ['LLaMA-Omni2-7B-Bilingual']. Semaphore: Semaphore(value=5, locked=False). global_counter: 4
2026-08-19 10:03:56 | INFO | model_worker | Send heart beat. Models: ['LLaMA-Omni2-7B-Bilingual']. Semaphore: Semaphore(value=5, locked=False). global_counter: 4
2026-08-19 10:04:11 | INFO | model_worker | Send heart beat. Models: ['LLaMA-Omni2-7B-Bilingual']. Semaphore: Semaphore(value=5, locked=False). global_counter: 4
2026-08-19 10:04:26 | INFO | model_worker | Send heart beat. Models: ['LLaMA-Omni2-7B-Bilingual']. Semaphore: Semaphore(value=5, locked=False). global_counter: 4
2026-08-19 10:04:41 | INFO | model_worker | Send heart beat. Models: ['LLaMA-Omni2-7B-Bilingual']. Semaphore: Semaphore(value=5, locked=False). global_counter: 4
2026-08-19 10:04:56 | INFO | model_worker | Send heart beat. Models: ['LLaMA-Omni2-7B-Bilingual']. Semaphore: Semaphore(value=5, locked=False). global_counter: 4
2026-08-19 10:05:11 | INFO | model_worker | Send heart beat. Models: ['LLaMA-Omni2-7B-Bilingual']. Semaphore: Semaphore(value=5, locked=False). global_counter: 4
2026-08-19 10:05:26 | INFO | model_worker | Send heart beat. Models: ['LLaMA-Omni2-7B-Bilingual']. Semaphore: Semaphore(value=5, locked=False). global_counter: 4
2026-08-19 10:05:41 | INFO | model_worker | Send heart beat. Models: ['LLaMA-Omni2-7B-Bilingual']. Semaphore: Semaphore(value=5, locked=False). global_counter: 4
2026-08-19 10:05:56 | INFO | model_worker | Send heart beat. Models: ['LLaMA-Omni2-7B-Bilingual']. Semaphore: Semaphore(value=5, locked=False). global_counter: 4
2026-08-19 10:06:11 | INFO | model_worker | Send heart beat. Models: ['LLaMA-Omni2-7B-Bilingual']. Semaphore: Semaphore(value=5, locked=False). global_counter: 4
2026-08-19 10:06:26 | INFO | model_worker | Send heart beat. Models: ['LLaMA-Omni2-7B-Bilingual']. Semaphore: Semaphore(value=5, locked=False). global_counter: 4
2026-08-19 10:06:41 | INFO | model_worker | Send heart beat. Models: ['LLaMA-Omni2-7B-Bilingual']. Semaphore: Semaphore(value=5, locked=False). global_counter: 4
2026-08-19 10:06:56 | INFO | model_worker | Send heart beat. Models: ['LLaMA-Omni2-7B-Bilingual']. Semaphore: Semaphore(value=5, locked=False). global_counter: 4
2026-08-19 10:07:11 | INFO | model_worker | Send heart beat. Models: ['LLaMA-Omni2-7B-Bilingual']. Semaphore: Semaphore(value=5, locked=False). global_counter: 4
2026-08-19 10:07:26 | INFO | model_worker | Send heart beat. Models: ['LLaMA-Omni2-7B-Bilingual']. Semaphore: Semaphore(value=5, locked=False). global_counter: 4
2026-08-19 10:07:41 | INFO | model_worker | Send heart beat. Models: ['LLaMA-Omni2-7B-Bilingual']. Semaphore: Semaphore(value=5, locked=False). global_counter: 4
2026-08-19 10:07:56 | INFO | model_worker | Send heart beat. Models: ['LLaMA-Omni2-7B-Bilingual']. Semaphore: Semaphore(value=5, locked=False). global_counter: 4
2026-08-19 10:08:11 | INFO | model_worker | Send heart beat. Models: ['LLaMA-Omni2-7B-Bilingual']. Semaphore: Semaphore(value=5, locked=False). global_counter: 4
2026-08-19 10:08:26 | INFO | model_worker | Send heart beat. Models: ['LLaMA-Omni2-7B-Bilingual']. Semaphore: Semaphore(value=5, locked=False). global_counter: 4
2026-08-19 10:08:41 | INFO | model_worker | Send heart beat. Models: ['LLaMA-Omni2-7B-Bilingual']. Semaphore: Semaphore(value=5, locked=False). global_counter: 4
2026-08-19 10:08:56 | INFO | model_worker | Send heart beat. Models: ['LLaMA-Omni2-7B-Bilingual']. Semaphore: Semaphore(value=5, locked=False). global_counter: 4
2026-08-19 10:09:11 | INFO | model_worker | Send heart beat. Models: ['LLaMA-Omni2-7B-Bilingual']. Semaphore: Semaphore(value=5, locked=False). global_counter: 4
2026-08-19 10:09:26 | INFO | model_worker | Send heart beat. Models: ['LLaMA-Omni2-7B-Bilingual']. Semaphore: Semaphore(value=5, locked=False). global_counter: 4
2026-08-19 10:09:41 | INFO | model_worker | Send heart beat. Models: ['LLaMA-Omni2-7B-Bilingual']. Semaphore: Semaphore(value=5, locked=False). global_counter: 4
2026-08-19 10:09:56 | INFO | model_worker | Send heart beat. Models: ['LLaMA-Omni2-7B-Bilingual']. Semaphore: Semaphore(value=5, locked=False). global_counter: 4
2026-08-19 10:10:11 | INFO | model_worker | Send heart beat. Models: ['LLaMA-Omni2-7B-Bilingual']. Semaphore: Semaphore(value=5, locked=False). global_counter: 4
2026-08-19 10:10:26 | INFO | model_worker | Send heart beat. Models: ['LLaMA-Omni2-7B-Bilingual']. Semaphore: Semaphore(value=5, locked=False). global_counter: 4
2026-08-19 10:10:41 | INFO | model_worker | Send heart beat. Models: ['LLaMA-Omni2-7B-Bilingual']. Semaphore: Semaphore(value=5, locked=False). global_counter: 4
2026-08-19 10:10:56 | INFO | model_worker | Send heart beat. Models: ['LLaMA-Omni2-7B-Bilingual']. Semaphore: Semaphore(value=5, locked=False). global_counter: 4
2026-08-19 10:11:11 | INFO | model_worker | Send heart beat. Models: ['LLaMA-Omni2-7B-Bilingual']. Semaphore: Semaphore(value=5, locked=False). global_counter: 4
2026-08-19 10:11:26 | INFO | model_worker | Send heart beat. Models: ['LLaMA-Omni2-7B-Bilingual']. Semaphore: Semaphore(value=5, locked=False). global_counter: 4
2026-08-19 10:11:41 | INFO | model_worker | Send heart beat. Models: ['LLaMA-Omni2-7B-Bilingual']. Semaphore: Semaphore(value=5, locked=False). global_counter: 4
2026-08-19 10:11:56 | INFO | model_worker | Send heart beat. Models: ['LLaMA-Omni2-7B-Bilingual']. Semaphore: Semaphore(value=5, locked=False). global_counter: 4
2026-08-19 10:12:11 | INFO | model_worker | Send heart beat. Models: ['LLaMA-Omni2-7B-Bilingual']. Semaphore: Semaphore(value=5, locked=False). global_counter: 4
2026-08-19 10:12:26 | INFO | model_worker | Send heart beat. Models: ['LLaMA-Omni2-7B-Bilingual']. Semaphore: Semaphore(value=5, locked=False). global_counter: 4
2026-08-19 10:12:42 | INFO | model_worker | Send heart beat. Models: ['LLaMA-Omni2-7B-Bilingual']. Semaphore: Semaphore(value=5, locked=False). global_counter: 4
2026-08-19 10:12:57 | INFO | model_worker | Send heart beat. Models: ['LLaMA-Omni2-7B-Bilingual']. Semaphore: Semaphore(value=5, locked=False). global_counter: 4
2026-08-19 10:13:12 | INFO | model_worker | Send heart beat. Models: ['LLaMA-Omni2-7B-Bilingual']. Semaphore: Semaphore(value=5, locked=False). global_counter: 4
2026-08-19 10:13:27 | INFO | model_worker | Send heart beat. Models: ['LLaMA-Omni2-7B-Bilingual']. Semaphore: Semaphore(value=5, locked=False). global_counter: 4
2026-08-19 10:13:42 | INFO | model_worker | Send heart beat. Models: ['LLaMA-Omni2-7B-Bilingual']. Semaphore: Semaphore(value=5, locked=False). global_counter: 4
2026-08-19 10:13:57 | INFO | model_worker | Send heart beat. Models: ['LLaMA-Omni2-7B-Bilingual']. Semaphore: Semaphore(value=5, locked=False). global_counter: 4
2026-08-19 10:14:12 | INFO | model_worker | Send heart beat. Models: ['LLaMA-Omni2-7B-Bilingual']. Semaphore: Semaphore(value=5, locked=False). global_counter: 4
2026-08-19 10:14:27 | INFO | model_worker | Send heart beat. Models: ['LLaMA-Omni2-7B-Bilingual']. Semaphore: Semaphore(value=5, locked=False). global_counter: 4
2026-08-19 10:14:42 | INFO | model_worker | Send heart beat. Models: ['LLaMA-Omni2-7B-Bilingual']. Semaphore: Semaphore(value=5, locked=False). global_counter: 4
2026-08-19 10:14:57 | INFO | model_worker | Send heart beat. Models: ['LLaMA-Omni2-7B-Bilingual']. Semaphore: Semaphore(value=5, locked=False). global_counter: 4
2026-08-19 10:15:12 | INFO | model_worker | Send heart beat. Models: ['LLaMA-Omni2-7B-Bilingual']. Semaphore: Semaphore(value=5, locked=False). global_counter: 4
2026-08-19 10:15:27 | INFO | model_worker | Send heart beat. Models: ['LLaMA-Omni2-7B-Bilingual']. Semaphore: Semaphore(value=5, locked=False). global_counter: 4
2026-08-19 10:15:42 | INFO | model_worker | Send heart beat. Models: ['LLaMA-Omni2-7B-Bilingual']. Semaphore: Semaphore(value=5, locked=False). global_counter: 4
2026-08-19 10:15:57 | INFO | model_worker | Send heart beat. Models: ['LLaMA-Omni2-7B-Bilingual']. Semaphore: Semaphore(value=5, locked=False). global_counter: 4
2026-08-19 10:16:12 | INFO | model_worker | Send heart beat. Models: ['LLaMA-Omni2-7B-Bilingual']. Semaphore: Semaphore(value=5, locked=False). global_counter: 4
2026-08-19 10:16:27 | INFO | model_worker | Send heart beat. Models: ['LLaMA-Omni2-7B-Bilingual']. Semaphore: Semaphore(value=5, locked=False). global_counter: 4
2026-08-19 10:16:42 | INFO | model_worker | Send heart beat. Models: ['LLaMA-Omni2-7B-Bilingual']. Semaphore: Semaphore(value=5, locked=False). global_counter: 4
2026-08-19 10:16:57 | INFO | model_worker | Send heart beat. Models: ['LLaMA-Omni2-7B-Bilingual']. Semaphore: Semaphore(value=5, locked=False). global_counter: 4
2026-08-19 10:17:12 | INFO | model_worker | Send heart beat. Models: ['LLaMA-Omni2-7B-Bilingual']. Semaphore: Semaphore(value=5, locked=False). global_counter: 4
2026-08-19 10:17:27 | INFO | model_worker | Send heart beat. Models: ['LLaMA-Omni2-7B-Bilingual']. Semaphore: Semaphore(value=5, locked=False). global_counter: 4
2026-08-19 10:17:42 | INFO | model_worker | Send heart beat. Models: ['LLaMA-Omni2-7B-Bilingual']. Semaphore: Semaphore(value=5, locked=False). global_counter: 4
2026-08-19 10:17:57 | INFO | model_worker | Send heart beat. Models: ['LLaMA-Omni2-7B-Bilingual']. Semaphore: Semaphore(value=5, locked=False). global_counter: 4
2026-08-19 10:18:12 | INFO | model_worker | Send heart beat. Models: ['LLaMA-Omni2-7B-Bilingual']. Semaphore: Semaphore(value=5, locked=False). global_counter: 4
2026-08-19 10:18:27 | INFO | model_worker | Send heart beat. Models: ['LLaMA-Omni2-7B-Bilingual']. Semaphore: Semaphore(value=5, locked=False). global_counter: 4
2026-08-19 10:18:42 | INFO | model_worker | Send heart beat. Models: ['LLaMA-Omni2-7B-Bilingual']. Semaphore: Semaphore(value=5, locked=False). global_counter: 4
2026-08-19 10:18:57 | INFO | model_worker | Send heart beat. Models: ['LLaMA-Omni2-7B-Bilingual']. Semaphore: Semaphore(value=5, locked=False). global_counter: 4
2026-08-19 10:19:12 | INFO | model_worker | Send heart beat. Models: ['LLaMA-Omni2-7B-Bilingual']. Semaphore: Semaphore(value=5, locked=False). global_counter: 4
2026-08-19 10:19:27 | INFO | model_worker | Send heart beat. Models: ['LLaMA-Omni2-7B-Bilingual']. Semaphore: Semaphore(value=5, locked=False). global_counter: 4
2026-08-19 10:19:42 | INFO | model_worker | Send heart beat. Models: ['LLaMA-Omni2-7B-Bilingual']. Semaphore: Semaphore(value=5, locked=False). global_counter: 4
2026-08-19 10:19:57 | INFO | model_worker | Send heart beat. Models: ['LLaMA-Omni2-7B-Bilingual']. Semaphore: Semaphore(value=5, locked=False). global_counter: 4
2026-08-19 10:20:12 | INFO | model_worker | Send heart beat. Models: ['LLaMA-Omni2-7B-Bilingual']. Semaphore: Semaphore(value=5, locked=False). global_counter: 4
2026-08-19 10:20:27 | INFO | model_worker | Send heart beat. Models: ['LLaMA-Omni2-7B-Bilingual']. Semaphore: Semaphore(value=5, locked=False). global_counter: 4
2026-08-19 10:20:42 | INFO | model_worker | Send heart beat. Models: ['LLaMA-Omni2-7B-Bilingual']. Semaphore: Semaphore(value=5, locked=False). global_counter: 4
2026-08-19 10:20:57 | INFO | model_worker | Send heart beat. Models: ['LLaMA-Omni2-7B-Bilingual']. Semaphore: Semaphore(value=5, locked=False). global_counter: 4
2026-08-19 10:21:12 | INFO | model_worker | Send heart beat. Models: ['LLaMA-Omni2-7B-Bilingual']. Semaphore: Semaphore(value=5, locked=False). global_counter: 4
2026-08-19 10:21:27 | INFO | model_worker | Send heart beat. Models: ['LLaMA-Omni2-7B-Bilingual']. Semaphore: Semaphore(value=5, locked=False). global_counter: 4
2026-08-19 10:21:42 | INFO | model_worker | Send heart beat. Models: ['LLaMA-Omni2-7B-Bilingual']. Semaphore: Semaphore(value=5, locked=False). global_counter: 4
2026-08-19 10:21:57 | INFO | model_worker | Send heart beat. Models: ['LLaMA-Omni2-7B-Bilingual']. Semaphore: Semaphore(value=5, locked=False). global_counter: 4
2026-08-19 10:22:12 | INFO | model_worker | Send heart beat. Models: ['LLaMA-Omni2-7B-Bilingual']. Semaphore: Semaphore(value=5, locked=False). global_counter: 4
2026-08-19 10:22:27 | INFO | model_worker | Send heart beat. Models: ['LLaMA-Omni2-7B-Bilingual']. Semaphore: Semaphore(value=5, locked=False). global_counter: 4
2026-08-19 10:22:42 | INFO | model_worker | Send heart beat. Models: ['LLaMA-Omni2-7B-Bilingual']. Semaphore: Semaphore(value=5, locked=False). global_counter: 4
2026-08-19 10:22:57 | INFO | model_worker | Send heart beat. Models: ['LLaMA-Omni2-7B-Bilingual']. Semaphore: Semaphore(value=5, locked=False). global_counter: 4
2026-08-19 10:23:12 | INFO | model_worker | Send heart beat. Models: ['LLaMA-Omni2-7B-Bilingual']. Semaphore: Semaphore(value=5, locked=False). global_counter: 4
2026-08-19 10:23:27 | INFO | model_worker | Send heart beat. Models: ['LLaMA-Omni2-7B-Bilingual']. Semaphore: Semaphore(value=5, locked=False). global_counter: 4
2026-08-19 10:23:42 | INFO | model_worker | Send heart beat. Models: ['LLaMA-Omni2-7B-Bilingual']. Semaphore: Semaphore(value=5, locked=False). global_counter: 4
2026-08-19 10:23:57 | INFO | model_worker | Send heart beat. Models: ['LLaMA-Omni2-7B-Bilingual']. Semaphore: Semaphore(value=5, locked=False). global_counter: 4
2026-08-19 10:24:12 | INFO | model_worker | Send heart beat. Models: ['LLaMA-Omni2-7B-Bilingual']. Semaphore: Semaphore(value=5, locked=False). global_counter: 4
2026-08-19 10:24:27 | INFO | model_worker | Send heart beat. Models: ['LLaMA-Omni2-7B-Bilingual']. Semaphore: Semaphore(value=5, locked=False). global_counter: 4
2026-08-19 10:24:42 | INFO | model_worker | Send heart beat. Models: ['LLaMA-Omni2-7B-Bilingual']. Semaphore: Semaphore(value=5, locked=False). global_counter: 4
2026-08-19 10:24:57 | INFO | model_worker | Send heart beat. Models: ['LLaMA-Omni2-7B-Bilingual']. Semaphore: Semaphore(value=5, locked=False). global_counter: 4
2026-08-19 10:25:12 | INFO | model_worker | Send heart beat. Models: ['LLaMA-Omni2-7B-Bilingual']. Semaphore: Semaphore(value=5, locked=False). global_counter: 4
2026-08-19 10:25:27 | INFO | model_worker | Send heart beat. Models: ['LLaMA-Omni2-7B-Bilingual']. Semaphore: Semaphore(value=5, locked=False). global_counter: 4
2026-08-19 10:25:42 | INFO | model_worker | Send heart beat. Models: ['LLaMA-Omni2-7B-Bilingual']. Semaphore: Semaphore(value=5, locked=False). global_counter: 4
2026-08-19 10:25:58 | INFO | model_worker | Send heart beat. Models: ['LLaMA-Omni2-7B-Bilingual']. Semaphore: Semaphore(value=5, locked=False). global_counter: 4
2026-08-19 10:26:13 | INFO | model_worker | Send heart beat. Models: ['LLaMA-Omni2-7B-Bilingual']. Semaphore: Semaphore(value=5, locked=False). global_counter: 4
2026-08-19 10:26:28 | INFO | model_worker | Send heart beat. Models: ['LLaMA-Omni2-7B-Bilingual']. Semaphore: Semaphore(value=5, locked=False). global_counter: 4
2026-08-19 10:26:43 | INFO | model_worker | Send heart beat. Models: ['LLaMA-Omni2-7B-Bilingual']. Semaphore: Semaphore(value=5, locked=False). global_counter: 4
2026-08-19 10:26:58 | INFO | model_worker | Send heart beat. Models: ['LLaMA-Omni2-7B-Bilingual']. Semaphore: Semaphore(value=5, locked=False). global_counter: 4
2026-08-19 10:27:13 | INFO | model_worker | Send heart beat. Models: ['LLaMA-Omni2-7B-Bilingual']. Semaphore: Semaphore(value=5, locked=False). global_counter: 4
2026-08-19 10:27:28 | INFO | model_worker | Send heart beat. Models: ['LLaMA-Omni2-7B-Bilingual']. Semaphore: Semaphore(value=5, locked=False). global_counter: 4
2026-08-19 10:27:43 | INFO | model_worker | Send heart beat. Models: ['LLaMA-Omni2-7B-Bilingual']. Semaphore: Semaphore(value=5, locked=False). global_counter: 4
2026-08-19 10:27:58 | INFO | model_worker | Send heart beat. Models: ['LLaMA-Omni2-7B-Bilingual']. Semaphore: Semaphore(value=5, locked=False). global_counter: 4
2026-08-19 10:28:13 | INFO | model_worker | Send heart beat. Models: ['LLaMA-Omni2-7B-Bilingual']. Semaphore: Semaphore(value=5, locked=False). global_counter: 4
2026-08-19 10:28:28 | INFO | model_worker | Send heart beat. Models: ['LLaMA-Omni2-7B-Bilingual']. Semaphore: Semaphore(value=5, locked=False). global_counter: 4
2026-08-19 10:28:43 | INFO | model_worker | Send heart beat. Models: ['LLaMA-Omni2-7B-Bilingual']. Semaphore: Semaphore(value=5, locked=False). global_counter: 4
2026-08-19 10:28:58 | INFO | model_worker | Send heart beat. Models: ['LLaMA-Omni2-7B-Bilingual']. Semaphore: Semaphore(value=5, locked=False). global_counter: 4
2026-08-19 10:29:13 | INFO | model_worker | Send heart beat. Models: ['LLaMA-Omni2-7B-Bilingual']. Semaphore: Semaphore(value=5, locked=False). global_counter: 4
2026-08-19 10:29:28 | INFO | model_worker | Send heart beat. Models: ['LLaMA-Omni2-7B-Bilingual']. Semaphore: Semaphore(value=5, locked=False). global_counter: 4
2026-08-19 10:29:43 | INFO | model_worker | Send heart beat. Models: ['LLaMA-Omni2-7B-Bilingual']. Semaphore: Semaphore(value=5, locked=False). global_counter: 4
2026-08-19 10:29:58 | INFO | model_worker | Send heart beat. Models: ['LLaMA-Omni2-7B-Bilingual']. Semaphore: Semaphore(value=5, locked=False). global_counter: 4
2026-08-19 10:30:13 | INFO | model_worker | Send heart beat. Models: ['LLaMA-Omni2-7B-Bilingual']. Semaphore: Semaphore(value=5, locked=False). global_counter: 4
2026-08-19 10:30:28 | INFO | model_worker | Send heart beat. Models: ['LLaMA-Omni2-7B-Bilingual']. Semaphore: Semaphore(value=5, locked=False). global_counter: 4
2026-08-19 10:30:43 | INFO | model_worker | Send heart beat. Models: ['LLaMA-Omni2-7B-Bilingual']. Semaphore: Semaphore(value=5, locked=False). global_counter: 4
2026-08-19 10:30:58 | INFO | model_worker | Send heart beat. Models: ['LLaMA-Omni2-7B-Bilingual']. Semaphore: Semaphore(value=5, locked=False). global_counter: 4
2026-08-19 10:31:13 | INFO | model_worker | Send heart beat. Models: ['LLaMA-Omni2-7B-Bilingual']. Semaphore: Semaphore(value=5, locked=False). global_counter: 4
2026-08-19 10:31:28 | INFO | model_worker | Send heart beat. Models: ['LLaMA-Omni2-7B-Bilingual']. Semaphore: Semaphore(value=5, locked=False). global_counter: 4
2026-08-19 10:31:43 | INFO | model_worker | Send heart beat. Models: ['LLaMA-Omni2-7B-Bilingual']. Semaphore: Semaphore(value=5, locked=False). global_counter: 4
2026-08-19 10:31:58 | INFO | model_worker | Send heart beat. Models: ['LLaMA-Omni2-7B-Bilingual']. Semaphore: Semaphore(value=5, locked=False). global_counter: 4
2026-08-19 10:32:13 | INFO | model_worker | Send heart beat. Models: ['LLaMA-Omni2-7B-Bilingual']. Semaphore: Semaphore(value=5, locked=False). global_counter: 4
2026-08-19 10:32:28 | INFO | model_worker | Send heart beat. Models: ['LLaMA-Omni2-7B-Bilingual']. Semaphore: Semaphore(value=5, locked=False). global_counter: 4
2026-08-19 10:32:43 | INFO | model_worker | Send heart beat. Models: ['LLaMA-Omni2-7B-Bilingual']. Semaphore: Semaphore(value=5, locked=False). global_counter: 4
2026-08-19 10:32:58 | INFO | model_worker | Send heart beat. Models: ['LLaMA-Omni2-7B-Bilingual']. Semaphore: Semaphore(value=5, locked=False). global_counter: 4
2026-08-19 10:33:13 | INFO | model_worker | Send heart beat. Models: ['LLaMA-Omni2-7B-Bilingual']. Semaphore: Semaphore(value=5, locked=False). global_counter: 4
2026-08-19 10:33:28 | INFO | model_worker | Send heart beat. Models: ['LLaMA-Omni2-7B-Bilingual']. Semaphore: Semaphore(value=5, locked=False). global_counter: 4
2026-08-19 10:33:43 | INFO | model_worker | Send heart beat. Models: ['LLaMA-Omni2-7B-Bilingual']. Semaphore: Semaphore(value=5, locked=False). global_counter: 4
2026-08-19 10:33:58 | INFO | model_worker | Send heart beat. Models: ['LLaMA-Omni2-7B-Bilingual']. Semaphore: Semaphore(value=5, locked=False). global_counter: 4
2026-08-19 10:34:13 | INFO | model_worker | Send heart beat. Models: ['LLaMA-Omni2-7B-Bilingual']. Semaphore: Semaphore(value=5, locked=False). global_counter: 4
2026-08-19 10:34:28 | INFO | model_worker | Send heart beat. Models: ['LLaMA-Omni2-7B-Bilingual']. Semaphore: Semaphore(value=5, locked=False). global_counter: 4
2026-08-19 10:34:43 | INFO | model_worker | Send heart beat. Models: ['LLaMA-Omni2-7B-Bilingual']. Semaphore: Semaphore(value=5, locked=False). global_counter: 4
2026-08-19 10:34:58 | INFO | model_worker | Send heart beat. Models: ['LLaMA-Omni2-7B-Bilingual']. Semaphore: Semaphore(value=5, locked=False). global_counter: 4
2026-08-19 10:35:13 | INFO | model_worker | Send heart beat. Models: ['LLaMA-Omni2-7B-Bilingual']. Semaphore: Semaphore(value=5, locked=False). global_counter: 4
2026-08-19 10:35:28 | INFO | model_worker | Send heart beat. Models: ['LLaMA-Omni2-7B-Bilingual']. Semaphore: Semaphore(value=5, locked=False). global_counter: 4
2026-08-19 10:35:43 | INFO | model_worker | Send heart beat. Models: ['LLaMA-Omni2-7B-Bilingual']. Semaphore: Semaphore(value=5, locked=False). global_counter: 4
2026-08-19 10:35:58 | INFO | model_worker | Send heart beat. Models: ['LLaMA-Omni2-7B-Bilingual']. Semaphore: Semaphore(value=5, locked=False). global_counter: 4
2026-08-19 10:36:13 | INFO | model_worker | Send heart beat. Models: ['LLaMA-Omni2-7B-Bilingual']. Semaphore: Semaphore(value=5, locked=False). global_counter: 4
2026-08-19 10:36:28 | INFO | model_worker | Send heart beat. Models: ['LLaMA-Omni2-7B-Bilingual']. Semaphore: Semaphore(value=5, locked=False). global_counter: 4
2026-08-19 10:36:43 | INFO | model_worker | Send heart beat. Models: ['LLaMA-Omni2-7B-Bilingual']. Semaphore: Semaphore(value=5, locked=False). global_counter: 4
2026-08-19 10:36:58 | INFO | model_worker | Send heart beat. Models: ['LLaMA-Omni2-7B-Bilingual']. Semaphore: Semaphore(value=5, locked=False). global_counter: 4
2026-08-19 10:37:13 | INFO | model_worker | Send heart beat. Models: ['LLaMA-Omni2-7B-Bilingual']. Semaphore: Semaphore(value=5, locked=False). global_counter: 4
2026-08-19 10:37:28 | INFO | model_worker | Send heart beat. Models: ['LLaMA-Omni2-7B-Bilingual']. Semaphore: Semaphore(value=5, locked=False). global_counter: 4
2026-08-19 10:37:43 | INFO | model_worker | Send heart beat. Models: ['LLaMA-Omni2-7B-Bilingual']. Semaphore: Semaphore(value=5, locked=False). global_counter: 4
2026-08-19 10:37:58 | INFO | model_worker | Send heart beat. Models: ['LLaMA-Omni2-7B-Bilingual']. Semaphore: Semaphore(value=5, locked=False). global_counter: 4
2026-08-19 10:38:13 | INFO | model_worker | Send heart beat. Models: ['LLaMA-Omni2-7B-Bilingual']. Semaphore: Semaphore(value=5, locked=False). global_counter: 4
2026-08-19 10:38:28 | INFO | model_worker | Send heart beat. Models: ['LLaMA-Omni2-7B-Bilingual']. Semaphore: Semaphore(value=5, locked=False). global_counter: 4
2026-08-19 10:38:44 | INFO | model_worker | Send heart beat. Models: ['LLaMA-Omni2-7B-Bilingual']. Semaphore: Semaphore(value=5, locked=False). global_counter: 4
2026-08-19 10:38:59 | INFO | model_worker | Send heart beat. Models: ['LLaMA-Omni2-7B-Bilingual']. Semaphore: Semaphore(value=5, locked=False). global_counter: 4
2026-08-19 10:39:14 | INFO | model_worker | Send heart beat. Models: ['LLaMA-Omni2-7B-Bilingual']. Semaphore: Semaphore(value=5, locked=False). global_counter: 4
2026-08-19 10:39:29 | INFO | model_worker | Send heart beat. Models: ['LLaMA-Omni2-7B-Bilingual']. Semaphore: Semaphore(value=5, locked=False). global_counter: 4
2026-08-19 10:39:44 | INFO | model_worker | Send heart beat. Models: ['LLaMA-Omni2-7B-Bilingual']. Semaphore: Semaphore(value=5, locked=False). global_counter: 4
2026-08-19 10:39:59 | INFO | model_worker | Send heart beat. Models: ['LLaMA-Omni2-7B-Bilingual']. Semaphore: Semaphore(value=5, locked=False). global_counter: 4
2026-08-19 10:40:14 | INFO | model_worker | Send heart beat. Models: ['LLaMA-Omni2-7B-Bilingual']. Semaphore: Semaphore(value=5, locked=False). global_counter: 4
2026-08-19 10:40:29 | INFO | model_worker | Send heart beat. Models: ['LLaMA-Omni2-7B-Bilingual']. Semaphore: Semaphore(value=5, locked=False). global_counter: 4
2026-08-19 10:40:44 | INFO | model_worker | Send heart beat. Models: ['LLaMA-Omni2-7B-Bilingual']. Semaphore: Semaphore(value=5, locked=False). global_counter: 4
2026-08-19 10:40:59 | INFO | model_worker | Send heart beat. Models: ['LLaMA-Omni2-7B-Bilingual']. Semaphore: Semaphore(value=5, locked=False). global_counter: 4
2026-08-19 10:41:14 | INFO | model_worker | Send heart beat. Models: ['LLaMA-Omni2-7B-Bilingual']. Semaphore: Semaphore(value=5, locked=False). global_counter: 4
2026-08-19 10:41:29 | INFO | model_worker | Send heart beat. Models: ['LLaMA-Omni2-7B-Bilingual']. Semaphore: Semaphore(value=5, locked=False). global_counter: 4
2026-08-19 10:41:44 | INFO | model_worker | Send heart beat. Models: ['LLaMA-Omni2-7B-Bilingual']. Semaphore: Semaphore(value=5, locked=False). global_counter: 4
2026-08-19 10:41:59 | INFO | model_worker | Send heart beat. Models: ['LLaMA-Omni2-7B-Bilingual']. Semaphore: Semaphore(value=5, locked=False). global_counter: 4
2026-08-19 10:42:14 | INFO | model_worker | Send heart beat. Models: ['LLaMA-Omni2-7B-Bilingual']. Semaphore: Semaphore(value=5, locked=False). global_counter: 4
2026-08-19 10:42:29 | INFO | model_worker | Send heart beat. Models: ['LLaMA-Omni2-7B-Bilingual']. Semaphore: Semaphore(value=5, locked=False). global_counter: 4
2026-08-19 10:42:44 | INFO | model_worker | Send heart beat. Models: ['LLaMA-Omni2-7B-Bilingual']. Semaphore: Semaphore(value=5, locked=False). global_counter: 4
2026-08-19 10:42:59 | INFO | model_worker | Send heart beat. Models: ['LLaMA-Omni2-7B-Bilingual']. Semaphore: Semaphore(value=5, locked=False). global_counter: 4
2026-08-19 10:43:14 | INFO | model_worker | Send heart beat. Models: ['LLaMA-Omni2-7B-Bilingual']. Semaphore: Semaphore(value=5, locked=False). global_counter: 4
2026-08-19 10:43:29 | INFO | model_worker | Send heart beat. Models: ['LLaMA-Omni2-7B-Bilingual']. Semaphore: Semaphore(value=5, locked=False). global_counter: 4
2026-08-19 10:43:44 | INFO | model_worker | Send heart beat. Models: ['LLaMA-Omni2-7B-Bilingual']. Semaphore: Semaphore(value=5, locked=False). global_counter: 4
2026-08-19 10:43:59 | INFO | model_worker | Send heart beat. Models: ['LLaMA-Omni2-7B-Bilingual']. Semaphore: Semaphore(value=5, locked=False). global_counter: 4
2026-08-19 10:44:14 | INFO | model_worker | Send heart beat. Models: ['LLaMA-Omni2-7B-Bilingual']. Semaphore: Semaphore(value=5, locked=False). global_counter: 4
2026-08-19 10:44:29 | INFO | model_worker | Send heart beat. Models: ['LLaMA-Omni2-7B-Bilingual']. Semaphore: Semaphore(value=5, locked=False). global_counter: 4
2026-08-19 10:44:44 | INFO | model_worker | Send heart beat. Models: ['LLaMA-Omni2-7B-Bilingual']. Semaphore: Semaphore(value=5, locked=False). global_counter: 4
2026-08-19 10:44:59 | INFO | model_worker | Send heart beat. Models: ['LLaMA-Omni2-7B-Bilingual']. Semaphore: Semaphore(value=5, locked=False). global_counter: 4
2026-08-19 10:45:14 | INFO | model_worker | Send heart beat. Models: ['LLaMA-Omni2-7B-Bilingual']. Semaphore: Semaphore(value=5, locked=False). global_counter: 4
2026-08-19 10:45:29 | INFO | model_worker | Send heart beat. Models: ['LLaMA-Omni2-7B-Bilingual']. Semaphore: Semaphore(value=5, locked=False). global_counter: 4
2026-08-19 10:45:44 | INFO | model_worker | Send heart beat. Models: ['LLaMA-Omni2-7B-Bilingual']. Semaphore: Semaphore(value=5, locked=False). global_counter: 4
2026-08-19 10:45:59 | INFO | model_worker | Send heart beat. Models: ['LLaMA-Omni2-7B-Bilingual']. Semaphore: Semaphore(value=5, locked=False). global_counter: 4
2026-08-19 10:46:14 | INFO | model_worker | Send heart beat. Models: ['LLaMA-Omni2-7B-Bilingual']. Semaphore: Semaphore(value=5, locked=False). global_counter: 4
2026-08-19 10:46:29 | INFO | model_worker | Send heart beat. Models: ['LLaMA-Omni2-7B-Bilingual']. Semaphore: Semaphore(value=5, locked=False). global_counter: 4
2026-08-19 10:46:44 | INFO | model_worker | Send heart beat. Models: ['LLaMA-Omni2-7B-Bilingual']. Semaphore: Semaphore(value=5, locked=False). global_counter: 4
2026-08-19 10:46:59 | INFO | model_worker | Send heart beat. Models: ['LLaMA-Omni2-7B-Bilingual']. Semaphore: Semaphore(value=5, locked=False). global_counter: 4
2026-08-19 10:47:14 | INFO | model_worker | Send heart beat. Models: ['LLaMA-Omni2-7B-Bilingual']. Semaphore: Semaphore(value=5, locked=False). global_counter: 4
2026-08-19 10:47:29 | INFO | model_worker | Send heart beat. Models: ['LLaMA-Omni2-7B-Bilingual']. Semaphore: Semaphore(value=5, locked=False). global_counter: 4
2026-08-19 10:47:44 | INFO | model_worker | Send heart beat. Models: ['LLaMA-Omni2-7B-Bilingual']. Semaphore: Semaphore(value=5, locked=False). global_counter: 4
2026-08-19 10:47:59 | INFO | model_worker | Send heart beat. Models: ['LLaMA-Omni2-7B-Bilingual']. Semaphore: Semaphore(value=5, locked=False). global_counter: 4
2026-08-19 10:48:14 | INFO | model_worker | Send heart beat. Models: ['LLaMA-Omni2-7B-Bilingual']. Semaphore: Semaphore(value=5, locked=False). global_counter: 4
2026-08-19 10:48:29 | INFO | model_worker | Send heart beat. Models: ['LLaMA-Omni2-7B-Bilingual']. Semaphore: Semaphore(value=5, locked=False). global_counter: 4
2026-08-19 10:48:44 | INFO | model_worker | Send heart beat. Models: ['LLaMA-Omni2-7B-Bilingual']. Semaphore: Semaphore(value=5, locked=False). global_counter: 4
2026-08-19 10:48:59 | INFO | model_worker | Send heart beat. Models: ['LLaMA-Omni2-7B-Bilingual']. Semaphore: Semaphore(value=5, locked=False). global_counter: 4
2026-08-19 10:49:14 | INFO | model_worker | Send heart beat. Models: ['LLaMA-Omni2-7B-Bilingual']. Semaphore: Semaphore(value=5, locked=False). global_counter: 4
2026-08-19 10:49:29 | INFO | model_worker | Send heart beat. Models: ['LLaMA-Omni2-7B-Bilingual']. Semaphore: Semaphore(value=5, locked=False). global_counter: 4
2026-08-19 10:49:44 | INFO | model_worker | Send heart beat. Models: ['LLaMA-Omni2-7B-Bilingual']. Semaphore: Semaphore(value=5, locked=False). global_counter: 4
2026-08-19 10:49:59 | INFO | model_worker | Send heart beat. Models: ['LLaMA-Omni2-7B-Bilingual']. Semaphore: Semaphore(value=5, locked=False). global_counter: 4
2026-08-19 10:50:14 | INFO | model_worker | Send heart beat. Models: ['LLaMA-Omni2-7B-Bilingual']. Semaphore: Semaphore(value=5, locked=False). global_counter: 4
2026-08-19 10:50:29 | INFO | model_worker | Send heart beat. Models: ['LLaMA-Omni2-7B-Bilingual']. Semaphore: Semaphore(value=5, locked=False). global_counter: 4
2026-08-19 10:50:44 | INFO | model_worker | Send heart beat. Models: ['LLaMA-Omni2-7B-Bilingual']. Semaphore: Semaphore(value=5, locked=False). global_counter: 4
2026-08-19 10:50:59 | INFO | model_worker | Send heart beat. Models: ['LLaMA-Omni2-7B-Bilingual']. Semaphore: Semaphore(value=5, locked=False). global_counter: 4
2026-08-19 10:51:14 | INFO | model_worker | Send heart beat. Models: ['LLaMA-Omni2-7B-Bilingual']. Semaphore: Semaphore(value=5, locked=False). global_counter: 4
2026-08-19 10:51:29 | INFO | model_worker | Send heart beat. Models: ['LLaMA-Omni2-7B-Bilingual']. Semaphore: Semaphore(value=5, locked=False). global_counter: 4
2026-08-19 10:51:44 | INFO | model_worker | Send heart beat. Models: ['LLaMA-Omni2-7B-Bilingual']. Semaphore: Semaphore(value=5, locked=False). global_counter: 4
2026-08-19 10:51:59 | INFO | model_worker | Send heart beat. Models: ['LLaMA-Omni2-7B-Bilingual']. Semaphore: Semaphore(value=5, locked=False). global_counter: 4
2026-08-19 10:52:14 | INFO | model_worker | Send heart beat. Models: ['LLaMA-Omni2-7B-Bilingual']. Semaphore: Semaphore(value=5, locked=False). global_counter: 4
2026-08-19 10:52:29 | INFO | model_worker | Send heart beat. Models: ['LLaMA-Omni2-7B-Bilingual']. Semaphore: Semaphore(value=5, locked=False). global_counter: 4
2026-08-19 10:52:44 | INFO | model_worker | Send heart beat. Models: ['LLaMA-Omni2-7B-Bilingual']. Semaphore: Semaphore(value=5, locked=False). global_counter: 4
2026-08-19 10:52:59 | INFO | model_worker | Send heart beat. Models: ['LLaMA-Omni2-7B-Bilingual']. Semaphore: Semaphore(value=5, locked=False). global_counter: 4
2026-08-19 10:53:14 | INFO | model_worker | Send heart beat. Models: ['LLaMA-Omni2-7B-Bilingual']. Semaphore: Semaphore(value=5, locked=False). global_counter: 4
2026-08-19 10:53:29 | INFO | model_worker | Send heart beat. Models: ['LLaMA-Omni2-7B-Bilingual']. Semaphore: Semaphore(value=5, locked=False). global_counter: 4
2026-08-19 10:53:44 | INFO | model_worker | Send heart beat. Models: ['LLaMA-Omni2-7B-Bilingual']. Semaphore: Semaphore(value=5, locked=False). global_counter: 4
2026-08-19 10:53:59 | INFO | model_worker | Send heart beat. Models: ['LLaMA-Omni2-7B-Bilingual']. Semaphore: Semaphore(value=5, locked=False). global_counter: 4
2026-08-19 10:54:14 | INFO | model_worker | Send heart beat. Models: ['LLaMA-Omni2-7B-Bilingual']. Semaphore: Semaphore(value=5, locked=False). global_counter: 4
2026-08-19 10:54:30 | INFO | model_worker | Send heart beat. Models: ['LLaMA-Omni2-7B-Bilingual']. Semaphore: Semaphore(value=5, locked=False). global_counter: 4
2026-08-19 10:54:45 | INFO | model_worker | Send heart beat. Models: ['LLaMA-Omni2-7B-Bilingual']. Semaphore: Semaphore(value=5, locked=False). global_counter: 4
2026-08-19 10:55:00 | INFO | model_worker | Send heart beat. Models: ['LLaMA-Omni2-7B-Bilingual']. Semaphore: Semaphore(value=5, locked=False). global_counter: 4
2026-08-19 10:55:15 | INFO | model_worker | Send heart beat. Models: ['LLaMA-Omni2-7B-Bilingual']. Semaphore: Semaphore(value=5, locked=False). global_counter: 4
2026-08-19 10:55:30 | INFO | model_worker | Send heart beat. Models: ['LLaMA-Omni2-7B-Bilingual']. Semaphore: Semaphore(value=5, locked=False). global_counter: 4
2026-08-19 10:55:45 | INFO | model_worker | Send heart beat. Models: ['LLaMA-Omni2-7B-Bilingual']. Semaphore: Semaphore(value=5, locked=False). global_counter: 4
2026-08-19 10:56:00 | INFO | model_worker | Send heart beat. Models: ['LLaMA-Omni2-7B-Bilingual']. Semaphore: Semaphore(value=5, locked=False). global_counter: 4
2026-08-19 10:56:15 | INFO | model_worker | Send heart beat. Models: ['LLaMA-Omni2-7B-Bilingual']. Semaphore: Semaphore(value=5, locked=False). global_counter: 4
2026-08-19 10:56:30 | INFO | model_worker | Send heart beat. Models: ['LLaMA-Omni2-7B-Bilingual']. Semaphore: Semaphore(value=5, locked=False). global_counter: 4
2026-08-19 10:56:45 | INFO | model_worker | Send heart beat. Models: ['LLaMA-Omni2-7B-Bilingual']. Semaphore: Semaphore(value=5, locked=False). global_counter: 4
2026-08-19 10:57:00 | INFO | model_worker | Send heart beat. Models: ['LLaMA-Omni2-7B-Bilingual']. Semaphore: Semaphore(value=5, locked=False). global_counter: 4
2026-08-19 10:57:15 | INFO | model_worker | Send heart beat. Models: ['LLaMA-Omni2-7B-Bilingual']. Semaphore: Semaphore(value=5, locked=False). global_counter: 4
2026-08-19 10:57:30 | INFO | model_worker | Send heart beat. Models: ['LLaMA-Omni2-7B-Bilingual']. Semaphore: Semaphore(value=5, locked=False). global_counter: 4
2026-08-19 10:57:45 | INFO | model_worker | Send heart beat. Models: ['LLaMA-Omni2-7B-Bilingual']. Semaphore: Semaphore(value=5, locked=False). global_counter: 4
2026-08-19 10:58:00 | INFO | model_worker | Send heart beat. Models: ['LLaMA-Omni2-7B-Bilingual']. Semaphore: Semaphore(value=5, locked=False). global_counter: 4
2026-08-19 10:58:15 | INFO | model_worker | Send heart beat. Models: ['LLaMA-Omni2-7B-Bilingual']. Semaphore: Semaphore(value=5, locked=False). global_counter: 4
2026-08-19 10:58:30 | INFO | model_worker | Send heart beat. Models: ['LLaMA-Omni2-7B-Bilingual']. Semaphore: Semaphore(value=5, locked=False). global_counter: 4
2026-08-19 10:58:45 | INFO | model_worker | Send heart beat. Models: ['LLaMA-Omni2-7B-Bilingual']. Semaphore: Semaphore(value=5, locked=False). global_counter: 4
2026-08-19 10:59:00 | INFO | model_worker | Send heart beat. Models: ['LLaMA-Omni2-7B-Bilingual']. Semaphore: Semaphore(value=5, locked=False). global_counter: 4
2026-08-19 10:59:15 | INFO | model_worker | Send heart beat. Models: ['LLaMA-Omni2-7B-Bilingual']. Semaphore: Semaphore(value=5, locked=False). global_counter: 4
2026-08-19 10:59:30 | INFO | model_worker | Send heart beat. Models: ['LLaMA-Omni2-7B-Bilingual']. Semaphore: Semaphore(value=5, locked=False). global_counter: 4
2026-08-19 10:59:45 | INFO | model_worker | Send heart beat. Models: ['LLaMA-Omni2-7B-Bilingual']. Semaphore: Semaphore(value=5, locked=False). global_counter: 4
2026-08-19 11:00:00 | INFO | model_worker | Send heart beat. Models: ['LLaMA-Omni2-7B-Bilingual']. Semaphore: Semaphore(value=5, locked=False). global_counter: 4
2026-08-19 11:00:15 | INFO | model_worker | Send heart beat. Models: ['LLaMA-Omni2-7B-Bilingual']. Semaphore: Semaphore(value=5, locked=False). global_counter: 4
2026-08-19 11:00:30 | INFO | model_worker | Send heart beat. Models: ['LLaMA-Omni2-7B-Bilingual']. Semaphore: Semaphore(value=5, locked=False). global_counter: 4
2026-08-19 11:00:45 | INFO | model_worker | Send heart beat. Models: ['LLaMA-Omni2-7B-Bilingual']. Semaphore: Semaphore(value=5, locked=False). global_counter: 4
2026-08-19 11:01:00 | INFO | model_worker | Send heart beat. Models: ['LLaMA-Omni2-7B-Bilingual']. Semaphore: Semaphore(value=5, locked=False). global_counter: 4
2026-08-19 11:01:15 | INFO | model_worker | Send heart beat. Models: ['LLaMA-Omni2-7B-Bilingual']. Semaphore: Semaphore(value=5, locked=False). global_counter: 4
2026-08-19 11:01:30 | INFO | model_worker | Send heart beat. Models: ['LLaMA-Omni2-7B-Bilingual']. Semaphore: Semaphore(value=5, locked=False). global_counter: 4
2026-08-19 11:01:45 | INFO | model_worker | Send heart beat. Models: ['LLaMA-Omni2-7B-Bilingual']. Semaphore: Semaphore(value=5, locked=False). global_counter: 4
2026-08-19 11:02:00 | INFO | model_worker | Send heart beat. Models: ['LLaMA-Omni2-7B-Bilingual']. Semaphore: Semaphore(value=5, locked=False). global_counter: 4
2026-08-19 11:02:15 | INFO | model_worker | Send heart beat. Models: ['LLaMA-Omni2-7B-Bilingual']. Semaphore: Semaphore(value=5, locked=False). global_counter: 4
2026-08-19 11:02:30 | INFO | model_worker | Send heart beat. Models: ['LLaMA-Omni2-7B-Bilingual']. Semaphore: Semaphore(value=5, locked=False). global_counter: 4
2026-08-19 11:02:45 | INFO | model_worker | Send heart beat. Models: ['LLaMA-Omni2-7B-Bilingual']. Semaphore: Semaphore(value=5, locked=False). global_counter: 4
2026-08-19 11:03:00 | INFO | model_worker | Send heart beat. Models: ['LLaMA-Omni2-7B-Bilingual']. Semaphore: Semaphore(value=5, locked=False). global_counter: 4
2026-08-19 11:03:15 | INFO | model_worker | Send heart beat. Models: ['LLaMA-Omni2-7B-Bilingual']. Semaphore: Semaphore(value=5, locked=False). global_counter: 4
2026-08-19 11:03:30 | INFO | model_worker | Send heart beat. Models: ['LLaMA-Omni2-7B-Bilingual']. Semaphore: Semaphore(value=5, locked=False). global_counter: 4
2026-08-19 11:03:45 | INFO | model_worker | Send heart beat. Models: ['LLaMA-Omni2-7B-Bilingual']. Semaphore: Semaphore(value=5, locked=False). global_counter: 4
2026-08-19 11:04:00 | INFO | model_worker | Send heart beat. Models: ['LLaMA-Omni2-7B-Bilingual']. Semaphore: Semaphore(value=5, locked=False). global_counter: 4
2026-08-19 11:04:15 | INFO | model_worker | Send heart beat. Models: ['LLaMA-Omni2-7B-Bilingual']. Semaphore: Semaphore(value=5, locked=False). global_counter: 4
2026-08-19 11:04:30 | INFO | model_worker | Send heart beat. Models: ['LLaMA-Omni2-7B-Bilingual']. Semaphore: Semaphore(value=5, locked=False). global_counter: 4
2026-08-19 11:04:45 | INFO | model_worker | Send heart beat. Models: ['LLaMA-Omni2-7B-Bilingual']. Semaphore: Semaphore(value=5, locked=False). global_counter: 4
2026-08-19 11:05:00 | INFO | model_worker | Send heart beat. Models: ['LLaMA-Omni2-7B-Bilingual']. Semaphore: Semaphore(value=5, locked=False). global_counter: 4
2026-08-19 11:05:15 | INFO | model_worker | Send heart beat. Models: ['LLaMA-Omni2-7B-Bilingual']. Semaphore: Semaphore(value=5, locked=False). global_counter: 4
2026-08-19 11:05:30 | INFO | model_worker | Send heart beat. Models: ['LLaMA-Omni2-7B-Bilingual']. Semaphore: Semaphore(value=5, locked=False). global_counter: 4
2026-08-19 11:05:45 | INFO | model_worker | Send heart beat. Models: ['LLaMA-Omni2-7B-Bilingual']. Semaphore: Semaphore(value=5, locked=False). global_counter: 4
2026-08-19 11:06:00 | INFO | model_worker | Send heart beat. Models: ['LLaMA-Omni2-7B-Bilingual']. Semaphore: Semaphore(value=5, locked=False). global_counter: 4
2026-08-19 11:06:15 | INFO | model_worker | Send heart beat. Models: ['LLaMA-Omni2-7B-Bilingual']. Semaphore: Semaphore(value=5, locked=False). global_counter: 4
2026-08-19 11:06:30 | INFO | model_worker | Send heart beat. Models: ['LLaMA-Omni2-7B-Bilingual']. Semaphore: Semaphore(value=5, locked=False). global_counter: 4
2026-08-19 11:06:45 | INFO | model_worker | Send heart beat. Models: ['LLaMA-Omni2-7B-Bilingual']. Semaphore: Semaphore(value=5, locked=False). global_counter: 4
2026-08-19 11:07:00 | INFO | model_worker | Send heart beat. Models: ['LLaMA-Omni2-7B-Bilingual']. Semaphore: Semaphore(value=5, locked=False). global_counter: 4
2026-08-19 11:07:15 | INFO | model_worker | Send heart beat. Models: ['LLaMA-Omni2-7B-Bilingual']. Semaphore: Semaphore(value=5, locked=False). global_counter: 4
2026-08-19 11:07:30 | INFO | model_worker | Send heart beat. Models: ['LLaMA-Omni2-7B-Bilingual']. Semaphore: Semaphore(value=5, locked=False). global_counter: 4
2026-08-19 11:07:45 | INFO | model_worker | Send heart beat. Models: ['LLaMA-Omni2-7B-Bilingual']. Semaphore: Semaphore(value=5, locked=False). global_counter: 4
2026-08-19 11:08:01 | INFO | model_worker | Send heart beat. Models: ['LLaMA-Omni2-7B-Bilingual']. Semaphore: Semaphore(value=5, locked=False). global_counter: 4
2026-08-19 11:08:16 | INFO | model_worker | Send heart beat. Models: ['LLaMA-Omni2-7B-Bilingual']. Semaphore: Semaphore(value=5, locked=False). global_counter: 4
2026-08-19 11:08:31 | INFO | model_worker | Send heart beat. Models: ['LLaMA-Omni2-7B-Bilingual']. Semaphore: Semaphore(value=5, locked=False). global_counter: 4
2026-08-19 11:08:46 | INFO | model_worker | Send heart beat. Models: ['LLaMA-Omni2-7B-Bilingual']. Semaphore: Semaphore(value=5, locked=False). global_counter: 4
2026-08-19 11:09:01 | INFO | model_worker | Send heart beat. Models: ['LLaMA-Omni2-7B-Bilingual']. Semaphore: Semaphore(value=5, locked=False). global_counter: 4
2026-08-19 11:09:16 | INFO | model_worker | Send heart beat. Models: ['LLaMA-Omni2-7B-Bilingual']. Semaphore: Semaphore(value=5, locked=False). global_counter: 4
2026-08-19 11:09:31 | INFO | model_worker | Send heart beat. Models: ['LLaMA-Omni2-7B-Bilingual']. Semaphore: Semaphore(value=5, locked=False). global_counter: 4
2026-08-19 11:09:46 | INFO | model_worker | Send heart beat. Models: ['LLaMA-Omni2-7B-Bilingual']. Semaphore: Semaphore(value=5, locked=False). global_counter: 4
2026-08-19 11:10:01 | INFO | model_worker | Send heart beat. Models: ['LLaMA-Omni2-7B-Bilingual']. Semaphore: Semaphore(value=5, locked=False). global_counter: 4
2026-08-19 11:10:16 | INFO | model_worker | Send heart beat. Models: ['LLaMA-Omni2-7B-Bilingual']. Semaphore: Semaphore(value=5, locked=False). global_counter: 4
2026-08-19 11:10:31 | INFO | model_worker | Send heart beat. Models: ['LLaMA-Omni2-7B-Bilingual']. Semaphore: Semaphore(value=5, locked=False). global_counter: 4
2026-08-19 11:10:46 | INFO | model_worker | Send heart beat. Models: ['LLaMA-Omni2-7B-Bilingual']. Semaphore: Semaphore(value=5, locked=False). global_counter: 4
2026-08-19 11:11:01 | INFO | model_worker | Send heart beat. Models: ['LLaMA-Omni2-7B-Bilingual']. Semaphore: Semaphore(value=5, locked=False). global_counter: 4
2026-08-19 11:11:16 | INFO | model_worker | Send heart beat. Models: ['LLaMA-Omni2-7B-Bilingual']. Semaphore: Semaphore(value=5, locked=False). global_counter: 4
2026-08-19 11:11:31 | INFO | model_worker | Send heart beat. Models: ['LLaMA-Omni2-7B-Bilingual']. Semaphore: Semaphore(value=5, locked=False). global_counter: 4
2026-08-19 11:11:46 | INFO | model_worker | Send heart beat. Models: ['LLaMA-Omni2-7B-Bilingual']. Semaphore: Semaphore(value=5, locked=False). global_counter: 4
2026-08-19 11:12:01 | INFO | model_worker | Send heart beat. Models: ['LLaMA-Omni2-7B-Bilingual']. Semaphore: Semaphore(value=5, locked=False). global_counter: 4
2026-08-19 11:12:16 | INFO | model_worker | Send heart beat. Models: ['LLaMA-Omni2-7B-Bilingual']. Semaphore: Semaphore(value=5, locked=False). global_counter: 4
2026-08-19 11:12:31 | INFO | model_worker | Send heart beat. Models: ['LLaMA-Omni2-7B-Bilingual']. Semaphore: Semaphore(value=5, locked=False). global_counter: 4
2026-08-19 11:12:46 | INFO | model_worker | Send heart beat. Models: ['LLaMA-Omni2-7B-Bilingual']. Semaphore: Semaphore(value=5, locked=False). global_counter: 4
2026-08-19 11:13:01 | INFO | model_worker | Send heart beat. Models: ['LLaMA-Omni2-7B-Bilingual']. Semaphore: Semaphore(value=5, locked=False). global_counter: 4
2026-08-19 11:13:16 | INFO | model_worker | Send heart beat. Models: ['LLaMA-Omni2-7B-Bilingual']. Semaphore: Semaphore(value=5, locked=False). global_counter: 4
2026-08-19 11:13:31 | INFO | model_worker | Send heart beat. Models: ['LLaMA-Omni2-7B-Bilingual']. Semaphore: Semaphore(value=5, locked=False). global_counter: 4
2026-08-19 11:13:46 | INFO | model_worker | Send heart beat. Models: ['LLaMA-Omni2-7B-Bilingual']. Semaphore: Semaphore(value=5, locked=False). global_counter: 4
2026-08-19 11:14:01 | INFO | model_worker | Send heart beat. Models: ['LLaMA-Omni2-7B-Bilingual']. Semaphore: Semaphore(value=5, locked=False). global_counter: 4
2026-08-19 11:14:16 | INFO | model_worker | Send heart beat. Models: ['LLaMA-Omni2-7B-Bilingual']. Semaphore: Semaphore(value=5, locked=False). global_counter: 4
2026-08-19 11:14:31 | INFO | model_worker | Send heart beat. Models: ['LLaMA-Omni2-7B-Bilingual']. Semaphore: Semaphore(value=5, locked=False). global_counter: 4
2026-08-19 11:14:46 | INFO | model_worker | Send heart beat. Models: ['LLaMA-Omni2-7B-Bilingual']. Semaphore: Semaphore(value=5, locked=False). global_counter: 4
2026-08-19 11:15:01 | INFO | model_worker | Send heart beat. Models: ['LLaMA-Omni2-7B-Bilingual']. Semaphore: Semaphore(value=5, locked=False). global_counter: 4
2026-08-19 11:15:16 | INFO | model_worker | Send heart beat. Models: ['LLaMA-Omni2-7B-Bilingual']. Semaphore: Semaphore(value=5, locked=False). global_counter: 4
2026-08-19 11:15:31 | INFO | model_worker | Send heart beat. Models: ['LLaMA-Omni2-7B-Bilingual']. Semaphore: Semaphore(value=5, locked=False). global_counter: 4
2026-08-19 11:15:46 | INFO | model_worker | Send heart beat. Models: ['LLaMA-Omni2-7B-Bilingual']. Semaphore: Semaphore(value=5, locked=False). global_counter: 4
2026-08-19 11:16:01 | INFO | model_worker | Send heart beat. Models: ['LLaMA-Omni2-7B-Bilingual']. Semaphore: Semaphore(value=5, locked=False). global_counter: 4
2026-08-19 11:16:16 | INFO | model_worker | Send heart beat. Models: ['LLaMA-Omni2-7B-Bilingual']. Semaphore: Semaphore(value=5, locked=False). global_counter: 4
2026-08-19 11:16:31 | INFO | model_worker | Send heart beat. Models: ['LLaMA-Omni2-7B-Bilingual']. Semaphore: Semaphore(value=5, locked=False). global_counter: 4
2026-08-19 11:16:46 | INFO | model_worker | Send heart beat. Models: ['LLaMA-Omni2-7B-Bilingual']. Semaphore: Semaphore(value=5, locked=False). global_counter: 4
2026-08-19 11:17:01 | INFO | model_worker | Send heart beat. Models: ['LLaMA-Omni2-7B-Bilingual']. Semaphore: Semaphore(value=5, locked=False). global_counter: 4
2026-08-19 11:17:16 | INFO | model_worker | Send heart beat. Models: ['LLaMA-Omni2-7B-Bilingual']. Semaphore: Semaphore(value=5, locked=False). global_counter: 4
2026-08-19 11:17:31 | INFO | model_worker | Send heart beat. Models: ['LLaMA-Omni2-7B-Bilingual']. Semaphore: Semaphore(value=5, locked=False). global_counter: 4
2026-08-19 11:17:46 | INFO | model_worker | Send heart beat. Models: ['LLaMA-Omni2-7B-Bilingual']. Semaphore: Semaphore(value=5, locked=False). global_counter: 4
2026-08-19 11:18:01 | INFO | model_worker | Send heart beat. Models: ['LLaMA-Omni2-7B-Bilingual']. Semaphore: Semaphore(value=5, locked=False). global_counter: 4
2026-08-19 11:18:16 | INFO | model_worker | Send heart beat. Models: ['LLaMA-Omni2-7B-Bilingual']. Semaphore: Semaphore(value=5, locked=False). global_counter: 4
2026-08-19 11:18:31 | INFO | model_worker | Send heart beat. Models: ['LLaMA-Omni2-7B-Bilingual']. Semaphore: Semaphore(value=5, locked=False). global_counter: 4
2026-08-19 11:18:46 | INFO | model_worker | Send heart beat. Models: ['LLaMA-Omni2-7B-Bilingual']. Semaphore: Semaphore(value=5, locked=False). global_counter: 4
2026-08-19 11:19:01 | INFO | model_worker | Send heart beat. Models: ['LLaMA-Omni2-7B-Bilingual']. Semaphore: Semaphore(value=5, locked=False). global_counter: 4
2026-08-19 11:19:16 | INFO | model_worker | Send heart beat. Models: ['LLaMA-Omni2-7B-Bilingual']. Semaphore: Semaphore(value=5, locked=False). global_counter: 4
2026-08-19 11:19:31 | INFO | model_worker | Send heart beat. Models: ['LLaMA-Omni2-7B-Bilingual']. Semaphore: Semaphore(value=5, locked=False). global_counter: 4
2026-08-19 11:19:46 | INFO | model_worker | Send heart beat. Models: ['LLaMA-Omni2-7B-Bilingual']. Semaphore: Semaphore(value=5, locked=False). global_counter: 4
2026-08-19 11:20:01 | INFO | model_worker | Send heart beat. Models: ['LLaMA-Omni2-7B-Bilingual']. Semaphore: Semaphore(value=5, locked=False). global_counter: 4
2026-08-19 11:20:16 | INFO | model_worker | Send heart beat. Models: ['LLaMA-Omni2-7B-Bilingual']. Semaphore: Semaphore(value=5, locked=False). global_counter: 4
2026-08-19 11:20:31 | INFO | model_worker | Send heart beat. Models: ['LLaMA-Omni2-7B-Bilingual']. Semaphore: Semaphore(value=5, locked=False). global_counter: 4
2026-08-19 11:20:46 | INFO | model_worker | Send heart beat. Models: ['LLaMA-Omni2-7B-Bilingual']. Semaphore: Semaphore(value=5, locked=False). global_counter: 4
2026-08-19 11:21:01 | INFO | model_worker | Send heart beat. Models: ['LLaMA-Omni2-7B-Bilingual']. Semaphore: Semaphore(value=5, locked=False). global_counter: 4
2026-08-19 11:21:17 | INFO | model_worker | Send heart beat. Models: ['LLaMA-Omni2-7B-Bilingual']. Semaphore: Semaphore(value=5, locked=False). global_counter: 4
2026-08-19 11:21:32 | INFO | model_worker | Send heart beat. Models: ['LLaMA-Omni2-7B-Bilingual']. Semaphore: Semaphore(value=5, locked=False). global_counter: 4
2026-08-19 11:21:47 | INFO | model_worker | Send heart beat. Models: ['LLaMA-Omni2-7B-Bilingual']. Semaphore: Semaphore(value=5, locked=False). global_counter: 4
2026-08-19 11:22:02 | INFO | model_worker | Send heart beat. Models: ['LLaMA-Omni2-7B-Bilingual']. Semaphore: Semaphore(value=5, locked=False). global_counter: 4
2026-08-19 11:22:17 | INFO | model_worker | Send heart beat. Models: ['LLaMA-Omni2-7B-Bilingual']. Semaphore: Semaphore(value=5, locked=False). global_counter: 4
2026-08-19 11:22:32 | INFO | model_worker | Send heart beat. Models: ['LLaMA-Omni2-7B-Bilingual']. Semaphore: Semaphore(value=5, locked=False). global_counter: 4
2026-08-19 11:22:47 | INFO | model_worker | Send heart beat. Models: ['LLaMA-Omni2-7B-Bilingual']. Semaphore: Semaphore(value=5, locked=False). global_counter: 4
2026-08-19 11:23:02 | INFO | model_worker | Send heart beat. Models: ['LLaMA-Omni2-7B-Bilingual']. Semaphore: Semaphore(value=5, locked=False). global_counter: 4
2026-08-19 11:23:17 | INFO | model_worker | Send heart beat. Models: ['LLaMA-Omni2-7B-Bilingual']. Semaphore: Semaphore(value=5, locked=False). global_counter: 4
2026-08-19 11:23:32 | INFO | model_worker | Send heart beat. Models: ['LLaMA-Omni2-7B-Bilingual']. Semaphore: Semaphore(value=5, locked=False). global_counter: 4
2026-08-19 11:23:47 | INFO | model_worker | Send heart beat. Models: ['LLaMA-Omni2-7B-Bilingual']. Semaphore: Semaphore(value=5, locked=False). global_counter: 4
2026-08-19 11:24:02 | INFO | model_worker | Send heart beat. Models: ['LLaMA-Omni2-7B-Bilingual']. Semaphore: Semaphore(value=5, locked=False). global_counter: 4
2026-08-19 11:24:17 | INFO | model_worker | Send heart beat. Models: ['LLaMA-Omni2-7B-Bilingual']. Semaphore: Semaphore(value=5, locked=False). global_counter: 4
2026-08-19 11:24:32 | INFO | model_worker | Send heart beat. Models: ['LLaMA-Omni2-7B-Bilingual']. Semaphore: Semaphore(value=5, locked=False). global_counter: 4
2026-08-19 11:24:47 | INFO | model_worker | Send heart beat. Models: ['LLaMA-Omni2-7B-Bilingual']. Semaphore: Semaphore(value=5, locked=False). global_counter: 4
2026-08-19 11:25:02 | INFO | model_worker | Send heart beat. Models: ['LLaMA-Omni2-7B-Bilingual']. Semaphore: Semaphore(value=5, locked=False). global_counter: 4
2026-08-19 11:25:17 | INFO | model_worker | Send heart beat. Models: ['LLaMA-Omni2-7B-Bilingual']. Semaphore: Semaphore(value=5, locked=False). global_counter: 4
2026-08-19 11:25:32 | INFO | model_worker | Send heart beat. Models: ['LLaMA-Omni2-7B-Bilingual']. Semaphore: Semaphore(value=5, locked=False). global_counter: 4
2026-08-19 11:25:47 | INFO | model_worker | Send heart beat. Models: ['LLaMA-Omni2-7B-Bilingual']. Semaphore: Semaphore(value=5, locked=False). global_counter: 4
2026-08-19 11:26:02 | INFO | model_worker | Send heart beat. Models: ['LLaMA-Omni2-7B-Bilingual']. Semaphore: Semaphore(value=5, locked=False). global_counter: 4
2026-08-19 11:26:17 | INFO | model_worker | Send heart beat. Models: ['LLaMA-Omni2-7B-Bilingual']. Semaphore: Semaphore(value=5, locked=False). global_counter: 4
2026-08-19 11:26:32 | INFO | model_worker | Send heart beat. Models: ['LLaMA-Omni2-7B-Bilingual']. Semaphore: Semaphore(value=5, locked=False). global_counter: 4
2026-08-19 11:26:47 | INFO | model_worker | Send heart beat. Models: ['LLaMA-Omni2-7B-Bilingual']. Semaphore: Semaphore(value=5, locked=False). global_counter: 4
2026-08-19 11:27:02 | INFO | model_worker | Send heart beat. Models: ['LLaMA-Omni2-7B-Bilingual']. Semaphore: Semaphore(value=5, locked=False). global_counter: 4
2026-08-19 11:27:17 | INFO | model_worker | Send heart beat. Models: ['LLaMA-Omni2-7B-Bilingual']. Semaphore: Semaphore(value=5, locked=False). global_counter: 4
2026-08-19 11:27:32 | INFO | model_worker | Send heart beat. Models: ['LLaMA-Omni2-7B-Bilingual']. Semaphore: Semaphore(value=5, locked=False). global_counter: 4
2026-08-19 11:27:47 | INFO | model_worker | Send heart beat. Models: ['LLaMA-Omni2-7B-Bilingual']. Semaphore: Semaphore(value=5, locked=False). global_counter: 4
2026-08-19 11:28:02 | INFO | model_worker | Send heart beat. Models: ['LLaMA-Omni2-7B-Bilingual']. Semaphore: Semaphore(value=5, locked=False). global_counter: 4
2026-08-19 11:28:17 | INFO | model_worker | Send heart beat. Models: ['LLaMA-Omni2-7B-Bilingual']. Semaphore: Semaphore(value=5, locked=False). global_counter: 4
2026-08-19 11:28:32 | INFO | model_worker | Send heart beat. Models: ['LLaMA-Omni2-7B-Bilingual']. Semaphore: Semaphore(value=5, locked=False). global_counter: 4
2026-08-19 11:28:47 | INFO | model_worker | Send heart beat. Models: ['LLaMA-Omni2-7B-Bilingual']. Semaphore: Semaphore(value=5, locked=False). global_counter: 4
2026-08-19 11:29:02 | INFO | model_worker | Send heart beat. Models: ['LLaMA-Omni2-7B-Bilingual']. Semaphore: Semaphore(value=5, locked=False). global_counter: 4
2026-08-19 11:29:17 | INFO | model_worker | Send heart beat. Models: ['LLaMA-Omni2-7B-Bilingual']. Semaphore: Semaphore(value=5, locked=False). global_counter: 4
2026-08-19 11:29:32 | INFO | model_worker | Send heart beat. Models: ['LLaMA-Omni2-7B-Bilingual']. Semaphore: Semaphore(value=5, locked=False). global_counter: 4
2026-08-19 11:29:47 | INFO | model_worker | Send heart beat. Models: ['LLaMA-Omni2-7B-Bilingual']. Semaphore: Semaphore(value=5, locked=False). global_counter: 4
2026-08-19 11:30:02 | INFO | model_worker | Send heart beat. Models: ['LLaMA-Omni2-7B-Bilingual']. Semaphore: Semaphore(value=5, locked=False). global_counter: 4
2026-08-19 11:30:17 | INFO | model_worker | Send heart beat. Models: ['LLaMA-Omni2-7B-Bilingual']. Semaphore: Semaphore(value=5, locked=False). global_counter: 4
2026-08-19 11:30:32 | INFO | model_worker | Send heart beat. Models: ['LLaMA-Omni2-7B-Bilingual']. Semaphore: Semaphore(value=5, locked=False). global_counter: 4
2026-08-19 11:30:47 | INFO | model_worker | Send heart beat. Models: ['LLaMA-Omni2-7B-Bilingual']. Semaphore: Semaphore(value=5, locked=False). global_counter: 4
2026-08-19 11:31:02 | INFO | model_worker | Send heart beat. Models: ['LLaMA-Omni2-7B-Bilingual']. Semaphore: Semaphore(value=5, locked=False). global_counter: 4
2026-08-19 11:31:17 | INFO | model_worker | Send heart beat. Models: ['LLaMA-Omni2-7B-Bilingual']. Semaphore: Semaphore(value=5, locked=False). global_counter: 4
2026-08-19 11:31:32 | INFO | model_worker | Send heart beat. Models: ['LLaMA-Omni2-7B-Bilingual']. Semaphore: Semaphore(value=5, locked=False). global_counter: 4
2026-08-19 11:31:47 | INFO | model_worker | Send heart beat. Models: ['LLaMA-Omni2-7B-Bilingual']. Semaphore: Semaphore(value=5, locked=False). global_counter: 4
2026-08-19 11:32:02 | INFO | model_worker | Send heart beat. Models: ['LLaMA-Omni2-7B-Bilingual']. Semaphore: Semaphore(value=5, locked=False). global_counter: 4
2026-08-19 11:32:17 | INFO | model_worker | Send heart beat. Models: ['LLaMA-Omni2-7B-Bilingual']. Semaphore: Semaphore(value=5, locked=False). global_counter: 4
2026-08-19 11:32:32 | INFO | model_worker | Send heart beat. Models: ['LLaMA-Omni2-7B-Bilingual']. Semaphore: Semaphore(value=5, locked=False). global_counter: 4
2026-08-19 11:32:47 | INFO | model_worker | Send heart beat. Models: ['LLaMA-Omni2-7B-Bilingual']. Semaphore: Semaphore(value=5, locked=False). global_counter: 4
2026-08-19 11:33:02 | INFO | model_worker | Send heart beat. Models: ['LLaMA-Omni2-7B-Bilingual']. Semaphore: Semaphore(value=5, locked=False). global_counter: 4
2026-08-19 11:33:17 | INFO | model_worker | Send heart beat. Models: ['LLaMA-Omni2-7B-Bilingual']. Semaphore: Semaphore(value=5, locked=False). global_counter: 4
2026-08-19 11:33:32 | INFO | model_worker | Send heart beat. Models: ['LLaMA-Omni2-7B-Bilingual']. Semaphore: Semaphore(value=5, locked=False). global_counter: 4
2026-08-19 11:33:47 | INFO | model_worker | Send heart beat. Models: ['LLaMA-Omni2-7B-Bilingual']. Semaphore: Semaphore(value=5, locked=False). global_counter: 4
2026-08-19 11:34:02 | INFO | model_worker | Send heart beat. Models: ['LLaMA-Omni2-7B-Bilingual']. Semaphore: Semaphore(value=5, locked=False). global_counter: 4
2026-08-19 11:34:17 | INFO | model_worker | Send heart beat. Models: ['LLaMA-Omni2-7B-Bilingual']. Semaphore: Semaphore(value=5, locked=False). global_counter: 4
2026-08-19 11:34:33 | INFO | model_worker | Send heart beat. Models: ['LLaMA-Omni2-7B-Bilingual']. Semaphore: Semaphore(value=5, locked=False). global_counter: 4
2026-08-19 11:34:48 | INFO | model_worker | Send heart beat. Models: ['LLaMA-Omni2-7B-Bilingual']. Semaphore: Semaphore(value=5, locked=False). global_counter: 4
2026-08-19 11:35:03 | INFO | model_worker | Send heart beat. Models: ['LLaMA-Omni2-7B-Bilingual']. Semaphore: Semaphore(value=5, locked=False). global_counter: 4
2026-08-19 11:35:18 | INFO | model_worker | Send heart beat. Models: ['LLaMA-Omni2-7B-Bilingual']. Semaphore: Semaphore(value=5, locked=False). global_counter: 4
2026-08-19 11:35:33 | INFO | model_worker | Send heart beat. Models: ['LLaMA-Omni2-7B-Bilingual']. Semaphore: Semaphore(value=5, locked=False). global_counter: 4
2026-08-19 11:35:48 | INFO | model_worker | Send heart beat. Models: ['LLaMA-Omni2-7B-Bilingual']. Semaphore: Semaphore(value=5, locked=False). global_counter: 4
2026-08-19 11:36:03 | INFO | model_worker | Send heart beat. Models: ['LLaMA-Omni2-7B-Bilingual']. Semaphore: Semaphore(value=5, locked=False). global_counter: 4
2026-08-19 11:36:18 | INFO | model_worker | Send heart beat. Models: ['LLaMA-Omni2-7B-Bilingual']. Semaphore: Semaphore(value=5, locked=False). global_counter: 4
2026-08-19 11:36:33 | INFO | model_worker | Send heart beat. Models: ['LLaMA-Omni2-7B-Bilingual']. Semaphore: Semaphore(value=5, locked=False). global_counter: 4
2026-08-19 11:36:48 | INFO | model_worker | Send heart beat. Models: ['LLaMA-Omni2-7B-Bilingual']. Semaphore: Semaphore(value=5, locked=False). global_counter: 4
2026-08-19 11:37:03 | INFO | model_worker | Send heart beat. Models: ['LLaMA-Omni2-7B-Bilingual']. Semaphore: Semaphore(value=5, locked=False). global_counter: 4
2026-08-19 11:37:18 | INFO | model_worker | Send heart beat. Models: ['LLaMA-Omni2-7B-Bilingual']. Semaphore: Semaphore(value=5, locked=False). global_counter: 4
2026-08-19 11:37:33 | INFO | model_worker | Send heart beat. Models: ['LLaMA-Omni2-7B-Bilingual']. Semaphore: Semaphore(value=5, locked=False). global_counter: 4
2026-08-19 11:37:48 | INFO | model_worker | Send heart beat. Models: ['LLaMA-Omni2-7B-Bilingual']. Semaphore: Semaphore(value=5, locked=False). global_counter: 4
2026-08-19 11:38:03 | INFO | model_worker | Send heart beat. Models: ['LLaMA-Omni2-7B-Bilingual']. Semaphore: Semaphore(value=5, locked=False). global_counter: 4
2026-08-19 11:38:18 | INFO | model_worker | Send heart beat. Models: ['LLaMA-Omni2-7B-Bilingual']. Semaphore: Semaphore(value=5, locked=False). global_counter: 4
2026-08-19 11:38:33 | INFO | model_worker | Send heart beat. Models: ['LLaMA-Omni2-7B-Bilingual']. Semaphore: Semaphore(value=5, locked=False). global_counter: 4
2026-08-19 11:38:48 | INFO | model_worker | Send heart beat. Models: ['LLaMA-Omni2-7B-Bilingual']. Semaphore: Semaphore(value=5, locked=False). global_counter: 4
2026-08-19 11:39:03 | INFO | model_worker | Send heart beat. Models: ['LLaMA-Omni2-7B-Bilingual']. Semaphore: Semaphore(value=5, locked=False). global_counter: 4
2026-08-19 11:39:18 | INFO | model_worker | Send heart beat. Models: ['LLaMA-Omni2-7B-Bilingual']. Semaphore: Semaphore(value=5, locked=False). global_counter: 4
2026-08-19 11:39:33 | INFO | model_worker | Send heart beat. Models: ['LLaMA-Omni2-7B-Bilingual']. Semaphore: Semaphore(value=5, locked=False). global_counter: 4
2026-08-19 11:39:48 | INFO | model_worker | Send heart beat. Models: ['LLaMA-Omni2-7B-Bilingual']. Semaphore: Semaphore(value=5, locked=False). global_counter: 4
2026-08-19 11:40:03 | INFO | model_worker | Send heart beat. Models: ['LLaMA-Omni2-7B-Bilingual']. Semaphore: Semaphore(value=5, locked=False). global_counter: 4
2026-08-19 11:40:18 | INFO | model_worker | Send heart beat. Models: ['LLaMA-Omni2-7B-Bilingual']. Semaphore: Semaphore(value=5, locked=False). global_counter: 4
2026-08-19 11:40:33 | INFO | model_worker | Send heart beat. Models: ['LLaMA-Omni2-7B-Bilingual']. Semaphore: Semaphore(value=5, locked=False). global_counter: 4
2026-08-19 11:40:48 | INFO | model_worker | Send heart beat. Models: ['LLaMA-Omni2-7B-Bilingual']. Semaphore: Semaphore(value=5, locked=False). global_counter: 4
2026-08-19 11:41:03 | INFO | model_worker | Send heart beat. Models: ['LLaMA-Omni2-7B-Bilingual']. Semaphore: Semaphore(value=5, locked=False). global_counter: 4
2026-08-19 11:41:18 | INFO | model_worker | Send heart beat. Models: ['LLaMA-Omni2-7B-Bilingual']. Semaphore: Semaphore(value=5, locked=False). global_counter: 4
2026-08-19 11:41:33 | INFO | model_worker | Send heart beat. Models: ['LLaMA-Omni2-7B-Bilingual']. Semaphore: Semaphore(value=5, locked=False). global_counter: 4
2026-08-19 11:41:48 | INFO | model_worker | Send heart beat. Models: ['LLaMA-Omni2-7B-Bilingual']. Semaphore: Semaphore(value=5, locked=False). global_counter: 4
2026-08-19 11:42:03 | INFO | model_worker | Send heart beat. Models: ['LLaMA-Omni2-7B-Bilingual']. Semaphore: Semaphore(value=5, locked=False). global_counter: 4
2026-08-19 11:42:18 | INFO | model_worker | Send heart beat. Models: ['LLaMA-Omni2-7B-Bilingual']. Semaphore: Semaphore(value=5, locked=False). global_counter: 4
2026-08-19 11:42:33 | INFO | model_worker | Send heart beat. Models: ['LLaMA-Omni2-7B-Bilingual']. Semaphore: Semaphore(value=5, locked=False). global_counter: 4
2026-08-19 11:42:48 | INFO | model_worker | Send heart beat. Models: ['LLaMA-Omni2-7B-Bilingual']. Semaphore: Semaphore(value=5, locked=False). global_counter: 4
2026-08-19 11:43:03 | INFO | model_worker | Send heart beat. Models: ['LLaMA-Omni2-7B-Bilingual']. Semaphore: Semaphore(value=5, locked=False). global_counter: 4
2026-08-19 11:43:18 | INFO | model_worker | Send heart beat. Models: ['LLaMA-Omni2-7B-Bilingual']. Semaphore: Semaphore(value=5, locked=False). global_counter: 4
2026-08-19 11:43:33 | INFO | model_worker | Send heart beat. Models: ['LLaMA-Omni2-7B-Bilingual']. Semaphore: Semaphore(value=5, locked=False). global_counter: 4
2026-08-19 11:43:48 | INFO | model_worker | Send heart beat. Models: ['LLaMA-Omni2-7B-Bilingual']. Semaphore: Semaphore(value=5, locked=False). global_counter: 4
2026-08-19 11:44:03 | INFO | model_worker | Send heart beat. Models: ['LLaMA-Omni2-7B-Bilingual']. Semaphore: Semaphore(value=5, locked=False). global_counter: 4
2026-08-19 11:44:18 | INFO | model_worker | Send heart beat. Models: ['LLaMA-Omni2-7B-Bilingual']. Semaphore: Semaphore(value=5, locked=False). global_counter: 4
2026-08-19 11:44:33 | INFO | model_worker | Send heart beat. Models: ['LLaMA-Omni2-7B-Bilingual']. Semaphore: Semaphore(value=5, locked=False). global_counter: 4
2026-08-19 11:44:48 | INFO | model_worker | Send heart beat. Models: ['LLaMA-Omni2-7B-Bilingual']. Semaphore: Semaphore(value=5, locked=False). global_counter: 4
2026-08-19 11:45:03 | INFO | model_worker | Send heart beat. Models: ['LLaMA-Omni2-7B-Bilingual']. Semaphore: Semaphore(value=5, locked=False). global_counter: 4
2026-08-19 11:45:18 | INFO | model_worker | Send heart beat. Models: ['LLaMA-Omni2-7B-Bilingual']. Semaphore: Semaphore(value=5, locked=False). global_counter: 4
2026-08-19 11:45:33 | INFO | model_worker | Send heart beat. Models: ['LLaMA-Omni2-7B-Bilingual']. Semaphore: Semaphore(value=5, locked=False). global_counter: 4
2026-08-19 11:45:48 | INFO | model_worker | Send heart beat. Models: ['LLaMA-Omni2-7B-Bilingual']. Semaphore: Semaphore(value=5, locked=False). global_counter: 4
2026-08-19 11:46:03 | INFO | model_worker | Send heart beat. Models: ['LLaMA-Omni2-7B-Bilingual']. Semaphore: Semaphore(value=5, locked=False). global_counter: 4
2026-08-19 11:46:18 | INFO | model_worker | Send heart beat. Models: ['LLaMA-Omni2-7B-Bilingual']. Semaphore: Semaphore(value=5, locked=False). global_counter: 4
2026-08-19 11:46:33 | INFO | model_worker | Send heart beat. Models: ['LLaMA-Omni2-7B-Bilingual']. Semaphore: Semaphore(value=5, locked=False). global_counter: 4
2026-08-19 11:46:48 | INFO | model_worker | Send heart beat. Models: ['LLaMA-Omni2-7B-Bilingual']. Semaphore: Semaphore(value=5, locked=False). global_counter: 4
2026-08-19 11:47:03 | INFO | model_worker | Send heart beat. Models: ['LLaMA-Omni2-7B-Bilingual']. Semaphore: Semaphore(value=5, locked=False). global_counter: 4
2026-08-19 11:47:18 | INFO | model_worker | Send heart beat. Models: ['LLaMA-Omni2-7B-Bilingual']. Semaphore: Semaphore(value=5, locked=False). global_counter: 4
2026-08-19 11:47:33 | INFO | model_worker | Send heart beat. Models: ['LLaMA-Omni2-7B-Bilingual']. Semaphore: Semaphore(value=5, locked=False). global_counter: 4
2026-08-19 11:47:48 | INFO | model_worker | Send heart beat. Models: ['LLaMA-Omni2-7B-Bilingual']. Semaphore: Semaphore(value=5, locked=False). global_counter: 4
2026-08-19 11:48:03 | INFO | model_worker | Send heart beat. Models: ['LLaMA-Omni2-7B-Bilingual']. Semaphore: Semaphore(value=5, locked=False). global_counter: 4
2026-08-19 11:48:18 | INFO | model_worker | Send heart beat. Models: ['LLaMA-Omni2-7B-Bilingual']. Semaphore: Semaphore(value=5, locked=False). global_counter: 4
2026-08-19 11:48:33 | INFO | model_worker | Send heart beat. Models: ['LLaMA-Omni2-7B-Bilingual']. Semaphore: Semaphore(value=5, locked=False). global_counter: 4
2026-08-19 11:48:48 | INFO | model_worker | Send heart beat. Models: ['LLaMA-Omni2-7B-Bilingual']. Semaphore: Semaphore(value=5, locked=False). global_counter: 4
2026-08-19 11:49:03 | INFO | model_worker | Send heart beat. Models: ['LLaMA-Omni2-7B-Bilingual']. Semaphore: Semaphore(value=5, locked=False). global_counter: 4
2026-08-19 11:49:18 | INFO | model_worker | Send heart beat. Models: ['LLaMA-Omni2-7B-Bilingual']. Semaphore: Semaphore(value=5, locked=False). global_counter: 4
2026-08-19 11:49:33 | INFO | model_worker | Send heart beat. Models: ['LLaMA-Omni2-7B-Bilingual']. Semaphore: Semaphore(value=5, locked=False). global_counter: 4
2026-08-19 11:49:48 | INFO | model_worker | Send heart beat. Models: ['LLaMA-Omni2-7B-Bilingual']. Semaphore: Semaphore(value=5, locked=False). global_counter: 4
2026-08-19 11:50:04 | INFO | model_worker | Send heart beat. Models: ['LLaMA-Omni2-7B-Bilingual']. Semaphore: Semaphore(value=5, locked=False). global_counter: 4
2026-08-19 11:50:19 | INFO | model_worker | Send heart beat. Models: ['LLaMA-Omni2-7B-Bilingual']. Semaphore: Semaphore(value=5, locked=False). global_counter: 4
2026-08-19 11:50:34 | INFO | model_worker | Send heart beat. Models: ['LLaMA-Omni2-7B-Bilingual']. Semaphore: Semaphore(value=5, locked=False). global_counter: 4
2026-08-19 11:50:49 | INFO | model_worker | Send heart beat. Models: ['LLaMA-Omni2-7B-Bilingual']. Semaphore: Semaphore(value=5, locked=False). global_counter: 4
2026-08-19 11:51:04 | INFO | model_worker | Send heart beat. Models: ['LLaMA-Omni2-7B-Bilingual']. Semaphore: Semaphore(value=5, locked=False). global_counter: 4
2026-08-19 11:51:19 | INFO | model_worker | Send heart beat. Models: ['LLaMA-Omni2-7B-Bilingual']. Semaphore: Semaphore(value=5, locked=False). global_counter: 4
2026-08-19 11:51:34 | INFO | model_worker | Send heart beat. Models: ['LLaMA-Omni2-7B-Bilingual']. Semaphore: Semaphore(value=5, locked=False). global_counter: 4
2026-08-19 11:51:49 | INFO | model_worker | Send heart beat. Models: ['LLaMA-Omni2-7B-Bilingual']. Semaphore: Semaphore(value=5, locked=False). global_counter: 4
2026-08-19 11:52:04 | INFO | model_worker | Send heart beat. Models: ['LLaMA-Omni2-7B-Bilingual']. Semaphore: Semaphore(value=5, locked=False). global_counter: 4
2026-08-19 11:52:19 | INFO | model_worker | Send heart beat. Models: ['LLaMA-Omni2-7B-Bilingual']. Semaphore: Semaphore(value=5, locked=False). global_counter: 4
2026-08-19 11:52:34 | INFO | model_worker | Send heart beat. Models: ['LLaMA-Omni2-7B-Bilingual']. Semaphore: Semaphore(value=5, locked=False). global_counter: 4
2026-08-19 11:52:49 | INFO | model_worker | Send heart beat. Models: ['LLaMA-Omni2-7B-Bilingual']. Semaphore: Semaphore(value=5, locked=False). global_counter: 4
2026-08-19 11:53:04 | INFO | model_worker | Send heart beat. Models: ['LLaMA-Omni2-7B-Bilingual']. Semaphore: Semaphore(value=5, locked=False). global_counter: 4
2026-08-19 11:53:19 | INFO | model_worker | Send heart beat. Models: ['LLaMA-Omni2-7B-Bilingual']. Semaphore: Semaphore(value=5, locked=False). global_counter: 4
2026-08-19 11:53:34 | INFO | model_worker | Send heart beat. Models: ['LLaMA-Omni2-7B-Bilingual']. Semaphore: Semaphore(value=5, locked=False). global_counter: 4
2026-08-19 11:53:49 | INFO | model_worker | Send heart beat. Models: ['LLaMA-Omni2-7B-Bilingual']. Semaphore: Semaphore(value=5, locked=False). global_counter: 4
2026-08-19 11:54:04 | INFO | model_worker | Send heart beat. Models: ['LLaMA-Omni2-7B-Bilingual']. Semaphore: Semaphore(value=5, locked=False). global_counter: 4
2026-08-19 11:54:19 | INFO | model_worker | Send heart beat. Models: ['LLaMA-Omni2-7B-Bilingual']. Semaphore: Semaphore(value=5, locked=False). global_counter: 4
2026-08-19 11:54:34 | INFO | model_worker | Send heart beat. Models: ['LLaMA-Omni2-7B-Bilingual']. Semaphore: Semaphore(value=5, locked=False). global_counter: 4
2026-08-19 11:54:49 | INFO | model_worker | Send heart beat. Models: ['LLaMA-Omni2-7B-Bilingual']. Semaphore: Semaphore(value=5, locked=False). global_counter: 4
2026-08-19 11:55:04 | INFO | model_worker | Send heart beat. Models: ['LLaMA-Omni2-7B-Bilingual']. Semaphore: Semaphore(value=5, locked=False). global_counter: 4
2026-08-19 11:55:19 | INFO | model_worker | Send heart beat. Models: ['LLaMA-Omni2-7B-Bilingual']. Semaphore: Semaphore(value=5, locked=False). global_counter: 4
2026-08-19 11:55:34 | INFO | model_worker | Send heart beat. Models: ['LLaMA-Omni2-7B-Bilingual']. Semaphore: Semaphore(value=5, locked=False). global_counter: 4
2026-08-19 11:55:49 | INFO | model_worker | Send heart beat. Models: ['LLaMA-Omni2-7B-Bilingual']. Semaphore: Semaphore(value=5, locked=False). global_counter: 4
2026-08-19 11:56:04 | INFO | model_worker | Send heart beat. Models: ['LLaMA-Omni2-7B-Bilingual']. Semaphore: Semaphore(value=5, locked=False). global_counter: 4
2026-08-19 11:56:19 | INFO | model_worker | Send heart beat. Models: ['LLaMA-Omni2-7B-Bilingual']. Semaphore: Semaphore(value=5, locked=False). global_counter: 4
2026-08-19 11:56:34 | INFO | model_worker | Send heart beat. Models: ['LLaMA-Omni2-7B-Bilingual']. Semaphore: Semaphore(value=5, locked=False). global_counter: 4
2026-08-19 11:56:49 | INFO | model_worker | Send heart beat. Models: ['LLaMA-Omni2-7B-Bilingual']. Semaphore: Semaphore(value=5, locked=False). global_counter: 4
2026-08-19 11:57:04 | INFO | model_worker | Send heart beat. Models: ['LLaMA-Omni2-7B-Bilingual']. Semaphore: Semaphore(value=5, locked=False). global_counter: 4
2026-08-19 11:57:19 | INFO | model_worker | Send heart beat. Models: ['LLaMA-Omni2-7B-Bilingual']. Semaphore: Semaphore(value=5, locked=False). global_counter: 4
2026-08-19 11:57:34 | INFO | model_worker | Send heart beat. Models: ['LLaMA-Omni2-7B-Bilingual']. Semaphore: Semaphore(value=5, locked=False). global_counter: 4
2026-08-19 11:57:49 | INFO | model_worker | Send heart beat. Models: ['LLaMA-Omni2-7B-Bilingual']. Semaphore: Semaphore(value=5, locked=False). global_counter: 4
2026-08-19 11:58:04 | INFO | model_worker | Send heart beat. Models: ['LLaMA-Omni2-7B-Bilingual']. Semaphore: Semaphore(value=5, locked=False). global_counter: 4
2026-08-19 11:58:19 | INFO | model_worker | Send heart beat. Models: ['LLaMA-Omni2-7B-Bilingual']. Semaphore: Semaphore(value=5, locked=False). global_counter: 4
2026-08-19 11:58:34 | INFO | model_worker | Send heart beat. Models: ['LLaMA-Omni2-7B-Bilingual']. Semaphore: Semaphore(value=5, locked=False). global_counter: 4
2026-08-19 11:58:49 | INFO | model_worker | Send heart beat. Models: ['LLaMA-Omni2-7B-Bilingual']. Semaphore: Semaphore(value=5, locked=False). global_counter: 4
2026-08-19 11:59:04 | INFO | model_worker | Send heart beat. Models: ['LLaMA-Omni2-7B-Bilingual']. Semaphore: Semaphore(value=5, locked=False). global_counter: 4
2026-08-19 11:59:19 | INFO | model_worker | Send heart beat. Models: ['LLaMA-Omni2-7B-Bilingual']. Semaphore: Semaphore(value=5, locked=False). global_counter: 4
2026-08-19 11:59:34 | INFO | model_worker | Send heart beat. Models: ['LLaMA-Omni2-7B-Bilingual']. Semaphore: Semaphore(value=5, locked=False). global_counter: 4
2026-08-19 11:59:49 | INFO | model_worker | Send heart beat. Models: ['LLaMA-Omni2-7B-Bilingual']. Semaphore: Semaphore(value=5, locked=False). global_counter: 4
2026-08-19 12:00:04 | INFO | model_worker | Send heart beat. Models: ['LLaMA-Omni2-7B-Bilingual']. Semaphore: Semaphore(value=5, locked=False). global_counter: 4
2026-08-19 12:00:19 | INFO | model_worker | Send heart beat. Models: ['LLaMA-Omni2-7B-Bilingual']. Semaphore: Semaphore(value=5, locked=False). global_counter: 4
2026-08-19 12:00:34 | INFO | model_worker | Send heart beat. Models: ['LLaMA-Omni2-7B-Bilingual']. Semaphore: Semaphore(value=5, locked=False). global_counter: 4
2026-08-19 12:00:49 | INFO | model_worker | Send heart beat. Models: ['LLaMA-Omni2-7B-Bilingual']. Semaphore: Semaphore(value=5, locked=False). global_counter: 4
2026-08-19 12:01:04 | INFO | model_worker | Send heart beat. Models: ['LLaMA-Omni2-7B-Bilingual']. Semaphore: Semaphore(value=5, locked=False). global_counter: 4
2026-08-19 12:01:19 | INFO | model_worker | Send heart beat. Models: ['LLaMA-Omni2-7B-Bilingual']. Semaphore: Semaphore(value=5, locked=False). global_counter: 4
2026-08-19 12:01:34 | INFO | model_worker | Send heart beat. Models: ['LLaMA-Omni2-7B-Bilingual']. Semaphore: Semaphore(value=5, locked=False). global_counter: 4
2026-08-19 12:01:49 | INFO | model_worker | Send heart beat. Models: ['LLaMA-Omni2-7B-Bilingual']. Semaphore: Semaphore(value=5, locked=False). global_counter: 4
2026-08-19 12:02:04 | INFO | model_worker | Send heart beat. Models: ['LLaMA-Omni2-7B-Bilingual']. Semaphore: Semaphore(value=5, locked=False). global_counter: 4
2026-08-19 12:02:19 | INFO | model_worker | Send heart beat. Models: ['LLaMA-Omni2-7B-Bilingual']. Semaphore: Semaphore(value=5, locked=False). global_counter: 4
2026-08-19 12:02:34 | INFO | model_worker | Send heart beat. Models: ['LLaMA-Omni2-7B-Bilingual']. Semaphore: Semaphore(value=5, locked=False). global_counter: 4
2026-08-19 12:02:49 | INFO | model_worker | Send heart beat. Models: ['LLaMA-Omni2-7B-Bilingual']. Semaphore: Semaphore(value=5, locked=False). global_counter: 4
2026-08-19 12:03:04 | INFO | model_worker | Send heart beat. Models: ['LLaMA-Omni2-7B-Bilingual']. Semaphore: Semaphore(value=5, locked=False). global_counter: 4
2026-08-19 12:03:20 | INFO | model_worker | Send heart beat. Models: ['LLaMA-Omni2-7B-Bilingual']. Semaphore: Semaphore(value=5, locked=False). global_counter: 4
2026-08-19 12:03:35 | INFO | model_worker | Send heart beat. Models: ['LLaMA-Omni2-7B-Bilingual']. Semaphore: Semaphore(value=5, locked=False). global_counter: 4
2026-08-19 12:03:50 | INFO | model_worker | Send heart beat. Models: ['LLaMA-Omni2-7B-Bilingual']. Semaphore: Semaphore(value=5, locked=False). global_counter: 4
2026-08-19 12:04:05 | INFO | model_worker | Send heart beat. Models: ['LLaMA-Omni2-7B-Bilingual']. Semaphore: Semaphore(value=5, locked=False). global_counter: 4
2026-08-19 12:04:20 | INFO | model_worker | Send heart beat. Models: ['LLaMA-Omni2-7B-Bilingual']. Semaphore: Semaphore(value=5, locked=False). global_counter: 4
2026-08-19 12:04:35 | INFO | model_worker | Send heart beat. Models: ['LLaMA-Omni2-7B-Bilingual']. Semaphore: Semaphore(value=5, locked=False). global_counter: 4
2026-08-19 12:04:50 | INFO | model_worker | Send heart beat. Models: ['LLaMA-Omni2-7B-Bilingual']. Semaphore: Semaphore(value=5, locked=False). global_counter: 4
2026-08-19 12:05:05 | INFO | model_worker | Send heart beat. Models: ['LLaMA-Omni2-7B-Bilingual']. Semaphore: Semaphore(value=5, locked=False). global_counter: 4
2026-08-19 12:05:20 | INFO | model_worker | Send heart beat. Models: ['LLaMA-Omni2-7B-Bilingual']. Semaphore: Semaphore(value=5, locked=False). global_counter: 4
2026-08-19 12:05:35 | INFO | model_worker | Send heart beat. Models: ['LLaMA-Omni2-7B-Bilingual']. Semaphore: Semaphore(value=5, locked=False). global_counter: 4
2026-08-19 12:05:50 | INFO | model_worker | Send heart beat. Models: ['LLaMA-Omni2-7B-Bilingual']. Semaphore: Semaphore(value=5, locked=False). global_counter: 4
2026-08-19 12:06:05 | INFO | model_worker | Send heart beat. Models: ['LLaMA-Omni2-7B-Bilingual']. Semaphore: Semaphore(value=5, locked=False). global_counter: 4
2026-08-19 12:06:20 | INFO | model_worker | Send heart beat. Models: ['LLaMA-Omni2-7B-Bilingual']. Semaphore: Semaphore(value=5, locked=False). global_counter: 4
2026-08-19 12:06:35 | INFO | model_worker | Send heart beat. Models: ['LLaMA-Omni2-7B-Bilingual']. Semaphore: Semaphore(value=5, locked=False). global_counter: 4
2026-08-19 12:06:50 | INFO | model_worker | Send heart beat. Models: ['LLaMA-Omni2-7B-Bilingual']. Semaphore: Semaphore(value=5, locked=False). global_counter: 4
2026-08-19 12:07:05 | INFO | model_worker | Send heart beat. Models: ['LLaMA-Omni2-7B-Bilingual']. Semaphore: Semaphore(value=5, locked=False). global_counter: 4
2026-08-19 12:07:20 | INFO | model_worker | Send heart beat. Models: ['LLaMA-Omni2-7B-Bilingual']. Semaphore: Semaphore(value=5, locked=False). global_counter: 4
2026-08-19 12:07:35 | INFO | model_worker | Send heart beat. Models: ['LLaMA-Omni2-7B-Bilingual']. Semaphore: Semaphore(value=5, locked=False). global_counter: 4
2026-08-19 12:07:50 | INFO | model_worker | Send heart beat. Models: ['LLaMA-Omni2-7B-Bilingual']. Semaphore: Semaphore(value=5, locked=False). global_counter: 4
2026-08-19 12:08:05 | INFO | model_worker | Send heart beat. Models: ['LLaMA-Omni2-7B-Bilingual']. Semaphore: Semaphore(value=5, locked=False). global_counter: 4
2026-08-19 12:08:20 | INFO | model_worker | Send heart beat. Models: ['LLaMA-Omni2-7B-Bilingual']. Semaphore: Semaphore(value=5, locked=False). global_counter: 4
2026-08-19 12:08:35 | INFO | model_worker | Send heart beat. Models: ['LLaMA-Omni2-7B-Bilingual']. Semaphore: Semaphore(value=5, locked=False). global_counter: 4
2026-08-19 12:08:50 | INFO | model_worker | Send heart beat. Models: ['LLaMA-Omni2-7B-Bilingual']. Semaphore: Semaphore(value=5, locked=False). global_counter: 4
2026-08-19 12:09:05 | INFO | model_worker | Send heart beat. Models: ['LLaMA-Omni2-7B-Bilingual']. Semaphore: Semaphore(value=5, locked=False). global_counter: 4
2026-08-19 12:09:20 | INFO | model_worker | Send heart beat. Models: ['LLaMA-Omni2-7B-Bilingual']. Semaphore: Semaphore(value=5, locked=False). global_counter: 4
2026-08-19 12:09:35 | INFO | model_worker | Send heart beat. Models: ['LLaMA-Omni2-7B-Bilingual']. Semaphore: Semaphore(value=5, locked=False). global_counter: 4
2026-08-19 12:09:50 | INFO | model_worker | Send heart beat. Models: ['LLaMA-Omni2-7B-Bilingual']. Semaphore: Semaphore(value=5, locked=False). global_counter: 4
2026-08-19 12:10:05 | INFO | model_worker | Send heart beat. Models: ['LLaMA-Omni2-7B-Bilingual']. Semaphore: Semaphore(value=5, locked=False). global_counter: 4
2026-08-19 12:10:20 | INFO | model_worker | Send heart beat. Models: ['LLaMA-Omni2-7B-Bilingual']. Semaphore: Semaphore(value=5, locked=False). global_counter: 4
2026-08-19 12:10:35 | INFO | model_worker | Send heart beat. Models: ['LLaMA-Omni2-7B-Bilingual']. Semaphore: Semaphore(value=5, locked=False). global_counter: 4
2026-08-19 12:10:50 | INFO | model_worker | Send heart beat. Models: ['LLaMA-Omni2-7B-Bilingual']. Semaphore: Semaphore(value=5, locked=False). global_counter: 4
2026-08-19 12:11:05 | INFO | model_worker | Send heart beat. Models: ['LLaMA-Omni2-7B-Bilingual']. Semaphore: Semaphore(value=5, locked=False). global_counter: 4
2026-08-19 12:11:20 | INFO | model_worker | Send heart beat. Models: ['LLaMA-Omni2-7B-Bilingual']. Semaphore: Semaphore(value=5, locked=False). global_counter: 4
2026-08-19 12:11:35 | INFO | model_worker | Send heart beat. Models: ['LLaMA-Omni2-7B-Bilingual']. Semaphore: Semaphore(value=5, locked=False). global_counter: 4
2026-08-19 12:11:50 | INFO | model_worker | Send heart beat. Models: ['LLaMA-Omni2-7B-Bilingual']. Semaphore: Semaphore(value=5, locked=False). global_counter: 4
2026-08-19 12:12:05 | INFO | model_worker | Send heart beat. Models: ['LLaMA-Omni2-7B-Bilingual']. Semaphore: Semaphore(value=5, locked=False). global_counter: 4
2026-08-19 12:12:20 | INFO | model_worker | Send heart beat. Models: ['LLaMA-Omni2-7B-Bilingual']. Semaphore: Semaphore(value=5, locked=False). global_counter: 4
2026-08-19 12:12:35 | INFO | model_worker | Send heart beat. Models: ['LLaMA-Omni2-7B-Bilingual']. Semaphore: Semaphore(value=5, locked=False). global_counter: 4
2026-08-19 12:12:50 | INFO | model_worker | Send heart beat. Models: ['LLaMA-Omni2-7B-Bilingual']. Semaphore: Semaphore(value=5, locked=False). global_counter: 4
2026-08-19 12:13:05 | INFO | model_worker | Send heart beat. Models: ['LLaMA-Omni2-7B-Bilingual']. Semaphore: Semaphore(value=5, locked=False). global_counter: 4
2026-08-19 12:13:20 | INFO | model_worker | Send heart beat. Models: ['LLaMA-Omni2-7B-Bilingual']. Semaphore: Semaphore(value=5, locked=False). global_counter: 4
2026-08-19 12:13:35 | INFO | model_worker | Send heart beat. Models: ['LLaMA-Omni2-7B-Bilingual']. Semaphore: Semaphore(value=5, locked=False). global_counter: 4
2026-08-19 12:13:50 | INFO | model_worker | Send heart beat. Models: ['LLaMA-Omni2-7B-Bilingual']. Semaphore: Semaphore(value=5, locked=False). global_counter: 4
2026-08-19 12:14:05 | INFO | model_worker | Send heart beat. Models: ['LLaMA-Omni2-7B-Bilingual']. Semaphore: Semaphore(value=5, locked=False). global_counter: 4
2026-08-19 12:14:20 | INFO | model_worker | Send heart beat. Models: ['LLaMA-Omni2-7B-Bilingual']. Semaphore: Semaphore(value=5, locked=False). global_counter: 4
2026-08-19 12:14:35 | INFO | model_worker | Send heart beat. Models: ['LLaMA-Omni2-7B-Bilingual']. Semaphore: Semaphore(value=5, locked=False). global_counter: 4
2026-08-19 12:14:50 | INFO | model_worker | Send heart beat. Models: ['LLaMA-Omni2-7B-Bilingual']. Semaphore: Semaphore(value=5, locked=False). global_counter: 4
2026-08-19 12:15:05 | INFO | model_worker | Send heart beat. Models: ['LLaMA-Omni2-7B-Bilingual']. Semaphore: Semaphore(value=5, locked=False). global_counter: 4
2026-08-19 12:15:20 | INFO | model_worker | Send heart beat. Models: ['LLaMA-Omni2-7B-Bilingual']. Semaphore: Semaphore(value=5, locked=False). global_counter: 4
2026-08-19 12:15:35 | INFO | model_worker | Send heart beat. Models: ['LLaMA-Omni2-7B-Bilingual']. Semaphore: Semaphore(value=5, locked=False). global_counter: 4
2026-08-19 12:15:50 | INFO | model_worker | Send heart beat. Models: ['LLaMA-Omni2-7B-Bilingual']. Semaphore: Semaphore(value=5, locked=False). global_counter: 4
2026-08-19 12:16:05 | INFO | model_worker | Send heart beat. Models: ['LLaMA-Omni2-7B-Bilingual']. Semaphore: Semaphore(value=5, locked=False). global_counter: 4
2026-08-19 12:16:21 | INFO | model_worker | Send heart beat. Models: ['LLaMA-Omni2-7B-Bilingual']. Semaphore: Semaphore(value=5, locked=False). global_counter: 4
2026-08-19 12:16:36 | INFO | model_worker | Send heart beat. Models: ['LLaMA-Omni2-7B-Bilingual']. Semaphore: Semaphore(value=5, locked=False). global_counter: 4
2026-08-19 12:16:51 | INFO | model_worker | Send heart beat. Models: ['LLaMA-Omni2-7B-Bilingual']. Semaphore: Semaphore(value=5, locked=False). global_counter: 4
2026-08-19 12:17:06 | INFO | model_worker | Send heart beat. Models: ['LLaMA-Omni2-7B-Bilingual']. Semaphore: Semaphore(value=5, locked=False). global_counter: 4
2026-08-19 12:17:21 | INFO | model_worker | Send heart beat. Models: ['LLaMA-Omni2-7B-Bilingual']. Semaphore: Semaphore(value=5, locked=False). global_counter: 4
2026-08-19 12:17:36 | INFO | model_worker | Send heart beat. Models: ['LLaMA-Omni2-7B-Bilingual']. Semaphore: Semaphore(value=5, locked=False). global_counter: 4
2026-08-19 12:17:51 | INFO | model_worker | Send heart beat. Models: ['LLaMA-Omni2-7B-Bilingual']. Semaphore: Semaphore(value=5, locked=False). global_counter: 4
2026-08-19 12:18:06 | INFO | model_worker | Send heart beat. Models: ['LLaMA-Omni2-7B-Bilingual']. Semaphore: Semaphore(value=5, locked=False). global_counter: 4
2026-08-19 12:18:21 | INFO | model_worker | Send heart beat. Models: ['LLaMA-Omni2-7B-Bilingual']. Semaphore: Semaphore(value=5, locked=False). global_counter: 4
2026-08-19 12:18:36 | INFO | model_worker | Send heart beat. Models: ['LLaMA-Omni2-7B-Bilingual']. Semaphore: Semaphore(value=5, locked=False). global_counter: 4
2026-08-19 12:18:51 | INFO | model_worker | Send heart beat. Models: ['LLaMA-Omni2-7B-Bilingual']. Semaphore: Semaphore(value=5, locked=False). global_counter: 4
2026-08-19 12:19:06 | INFO | model_worker | Send heart beat. Models: ['LLaMA-Omni2-7B-Bilingual']. Semaphore: Semaphore(value=5, locked=False). global_counter: 4
2026-08-19 12:19:21 | INFO | model_worker | Send heart beat. Models: ['LLaMA-Omni2-7B-Bilingual']. Semaphore: Semaphore(value=5, locked=False). global_counter: 4
2026-08-19 12:19:36 | INFO | model_worker | Send heart beat. Models: ['LLaMA-Omni2-7B-Bilingual']. Semaphore: Semaphore(value=5, locked=False). global_counter: 4
2026-08-19 12:19:51 | INFO | model_worker | Send heart beat. Models: ['LLaMA-Omni2-7B-Bilingual']. Semaphore: Semaphore(value=5, locked=False). global_counter: 4
2026-08-19 12:20:06 | INFO | model_worker | Send heart beat. Models: ['LLaMA-Omni2-7B-Bilingual']. Semaphore: Semaphore(value=5, locked=False). global_counter: 4
2026-08-19 12:20:21 | INFO | model_worker | Send heart beat. Models: ['LLaMA-Omni2-7B-Bilingual']. Semaphore: Semaphore(value=5, locked=False). global_counter: 4
2026-08-19 12:20:36 | INFO | model_worker | Send heart beat. Models: ['LLaMA-Omni2-7B-Bilingual']. Semaphore: Semaphore(value=5, locked=False). global_counter: 4
2026-08-19 12:20:51 | INFO | model_worker | Send heart beat. Models: ['LLaMA-Omni2-7B-Bilingual']. Semaphore: Semaphore(value=5, locked=False). global_counter: 4
2026-08-19 12:21:06 | INFO | model_worker | Send heart beat. Models: ['LLaMA-Omni2-7B-Bilingual']. Semaphore: Semaphore(value=5, locked=False). global_counter: 4
2026-08-19 12:21:21 | INFO | model_worker | Send heart beat. Models: ['LLaMA-Omni2-7B-Bilingual']. Semaphore: Semaphore(value=5, locked=False). global_counter: 4
2026-08-19 12:21:36 | INFO | model_worker | Send heart beat. Models: ['LLaMA-Omni2-7B-Bilingual']. Semaphore: Semaphore(value=5, locked=False). global_counter: 4
2026-08-19 12:21:51 | INFO | model_worker | Send heart beat. Models: ['LLaMA-Omni2-7B-Bilingual']. Semaphore: Semaphore(value=5, locked=False). global_counter: 4
2026-08-19 12:22:06 | INFO | model_worker | Send heart beat. Models: ['LLaMA-Omni2-7B-Bilingual']. Semaphore: Semaphore(value=5, locked=False). global_counter: 4
2026-08-19 12:22:21 | INFO | model_worker | Send heart beat. Models: ['LLaMA-Omni2-7B-Bilingual']. Semaphore: Semaphore(value=5, locked=False). global_counter: 4
2026-08-19 12:22:36 | INFO | model_worker | Send heart beat. Models: ['LLaMA-Omni2-7B-Bilingual']. Semaphore: Semaphore(value=5, locked=False). global_counter: 4
2026-08-19 12:22:51 | INFO | model_worker | Send heart beat. Models: ['LLaMA-Omni2-7B-Bilingual']. Semaphore: Semaphore(value=5, locked=False). global_counter: 4
2026-08-19 12:23:06 | INFO | model_worker | Send heart beat. Models: ['LLaMA-Omni2-7B-Bilingual']. Semaphore: Semaphore(value=5, locked=False). global_counter: 4
2026-08-19 12:23:21 | INFO | model_worker | Send heart beat. Models: ['LLaMA-Omni2-7B-Bilingual']. Semaphore: Semaphore(value=5, locked=False). global_counter: 4
2026-08-19 12:23:36 | INFO | model_worker | Send heart beat. Models: ['LLaMA-Omni2-7B-Bilingual']. Semaphore: Semaphore(value=5, locked=False). global_counter: 4
2026-08-19 12:23:51 | INFO | model_worker | Send heart beat. Models: ['LLaMA-Omni2-7B-Bilingual']. Semaphore: Semaphore(value=5, locked=False). global_counter: 4
2026-08-19 12:24:06 | INFO | model_worker | Send heart beat. Models: ['LLaMA-Omni2-7B-Bilingual']. Semaphore: Semaphore(value=5, locked=False). global_counter: 4
2026-08-19 12:24:21 | INFO | model_worker | Send heart beat. Models: ['LLaMA-Omni2-7B-Bilingual']. Semaphore: Semaphore(value=5, locked=False). global_counter: 4
2026-08-19 12:24:36 | INFO | model_worker | Send heart beat. Models: ['LLaMA-Omni2-7B-Bilingual']. Semaphore: Semaphore(value=5, locked=False). global_counter: 4
2026-08-19 12:24:51 | INFO | model_worker | Send heart beat. Models: ['LLaMA-Omni2-7B-Bilingual']. Semaphore: Semaphore(value=5, locked=False). global_counter: 4
2026-08-19 12:25:06 | INFO | model_worker | Send heart beat. Models: ['LLaMA-Omni2-7B-Bilingual']. Semaphore: Semaphore(value=5, locked=False). global_counter: 4
2026-08-19 12:25:21 | INFO | model_worker | Send heart beat. Models: ['LLaMA-Omni2-7B-Bilingual']. Semaphore: Semaphore(value=5, locked=False). global_counter: 4
2026-08-19 12:25:36 | INFO | model_worker | Send heart beat. Models: ['LLaMA-Omni2-7B-Bilingual']. Semaphore: Semaphore(value=5, locked=False). global_counter: 4
2026-08-19 12:25:51 | INFO | model_worker | Send heart beat. Models: ['LLaMA-Omni2-7B-Bilingual']. Semaphore: Semaphore(value=5, locked=False). global_counter: 4
2026-08-19 12:26:06 | INFO | model_worker | Send heart beat. Models: ['LLaMA-Omni2-7B-Bilingual']. Semaphore: Semaphore(value=5, locked=False). global_counter: 4
2026-08-19 12:26:21 | INFO | model_worker | Send heart beat. Models: ['LLaMA-Omni2-7B-Bilingual']. Semaphore: Semaphore(value=5, locked=False). global_counter: 4
2026-08-19 12:26:36 | INFO | model_worker | Send heart beat. Models: ['LLaMA-Omni2-7B-Bilingual']. Semaphore: Semaphore(value=5, locked=False). global_counter: 4
2026-08-19 12:26:51 | INFO | model_worker | Send heart beat. Models: ['LLaMA-Omni2-7B-Bilingual']. Semaphore: Semaphore(value=5, locked=False). global_counter: 4
2026-08-19 12:27:06 | INFO | model_worker | Send heart beat. Models: ['LLaMA-Omni2-7B-Bilingual']. Semaphore: Semaphore(value=5, locked=False). global_counter: 4
2026-08-19 12:27:21 | INFO | model_worker | Send heart beat. Models: ['LLaMA-Omni2-7B-Bilingual']. Semaphore: Semaphore(value=5, locked=False). global_counter: 4
2026-08-19 12:27:36 | INFO | model_worker | Send heart beat. Models: ['LLaMA-Omni2-7B-Bilingual']. Semaphore: Semaphore(value=5, locked=False). global_counter: 4
2026-08-19 12:27:51 | INFO | model_worker | Send heart beat. Models: ['LLaMA-Omni2-7B-Bilingual']. Semaphore: Semaphore(value=5, locked=False). global_counter: 4
2026-08-19 12:28:06 | INFO | model_worker | Send heart beat. Models: ['LLaMA-Omni2-7B-Bilingual']. Semaphore: Semaphore(value=5, locked=False). global_counter: 4
2026-08-19 12:28:21 | INFO | model_worker | Send heart beat. Models: ['LLaMA-Omni2-7B-Bilingual']. Semaphore: Semaphore(value=5, locked=False). global_counter: 4
2026-08-19 12:28:36 | INFO | model_worker | Send heart beat. Models: ['LLaMA-Omni2-7B-Bilingual']. Semaphore: Semaphore(value=5, locked=False). global_counter: 4
2026-08-19 12:28:51 | INFO | model_worker | Send heart beat. Models: ['LLaMA-Omni2-7B-Bilingual']. Semaphore: Semaphore(value=5, locked=False). global_counter: 4
2026-08-19 12:29:06 | INFO | model_worker | Send heart beat. Models: ['LLaMA-Omni2-7B-Bilingual']. Semaphore: Semaphore(value=5, locked=False). global_counter: 4
2026-08-19 12:29:19 | ERROR | stderr | [32mINFO[0m:     Shutting down
2026-08-19 12:29:19 | ERROR | stderr | [32mINFO[0m:     Waiting for application shutdown.
2026-08-19 12:29:19 | ERROR | stderr | [32mINFO[0m:     Application shutdown complete.
2026-08-19 12:29:19 | ERROR | stderr | [32mINFO[0m:     Finished server process [[36m95643[0m]
2026-08-19 12:29:19 | ERROR | stderr | Traceback (most recent call last):
2026-08-19 12:29:19 | ERROR | stderr |   File "/DATA/hnc/conda_envs/llama-omni2/lib/python3.10/runpy.py", line 196, in _run_module_as_main
2026-08-19 12:29:19 | ERROR | stderr |     return _run_code(code, main_globals, None,
2026-08-19 12:29:19 | ERROR | stderr |   File "/DATA/hnc/conda_envs/llama-omni2/lib/python3.10/runpy.py", line 86, in _run_code
2026-08-19 12:29:19 | ERROR | stderr |     exec(code, run_globals)
2026-08-19 12:29:19 | ERROR | stderr |   File "/DATA/carer.ai/LLaMA-Omni2-main/llama_omni2/serve/model_worker.py", line 287, in <module>
2026-08-19 12:29:19 | ERROR | stderr |     uvicorn.run(app, host=args.host, port=args.port, log_level="info")
2026-08-19 12:29:19 | ERROR | stderr |   File "/DATA/hnc/conda_envs/llama-omni2/lib/python3.10/site-packages/uvicorn/main.py", line 577, in run
2026-08-19 12:29:19 | ERROR | stderr |     server.run()
2026-08-19 12:29:19 | ERROR | stderr |   File "/DATA/hnc/conda_envs/llama-omni2/lib/python3.10/site-packages/uvicorn/server.py", line 65, in run
2026-08-19 12:29:19 | ERROR | stderr |     return asyncio.run(self.serve(sockets=sockets))
2026-08-19 12:29:19 | ERROR | stderr |   File "/DATA/hnc/conda_envs/llama-omni2/lib/python3.10/asyncio/runners.py", line 44, in run
2026-08-19 12:29:19 | ERROR | stderr |     return loop.run_until_complete(main)
2026-08-19 12:29:19 | ERROR | stderr |   File "uvloop/loop.pyx", line 1512, in uvloop.loop.Loop.run_until_complete
2026-08-19 12:29:19 | ERROR | stderr |   File "uvloop/loop.pyx", line 1505, in uvloop.loop.Loop.run_until_complete
2026-08-19 12:29:19 | ERROR | stderr |   File "uvloop/loop.pyx", line 1379, in uvloop.loop.Loop.run_forever
2026-08-19 12:29:19 | ERROR | stderr |   File "uvloop/loop.pyx", line 557, in uvloop.loop.Loop._run
2026-08-19 12:29:19 | ERROR | stderr |   File "uvloop/loop.pyx", line 476, in uvloop.loop.Loop._on_idle
2026-08-19 12:29:19 | ERROR | stderr |   File "uvloop/cbhandles.pyx", line 83, in uvloop.loop.Handle._run
2026-08-19 12:29:19 | ERROR | stderr |   File "uvloop/cbhandles.pyx", line 63, in uvloop.loop.Handle._run
2026-08-19 12:29:19 | ERROR | stderr |   File "/DATA/hnc/conda_envs/llama-omni2/lib/python3.10/site-packages/uvicorn/server.py", line 68, in serve
2026-08-19 12:29:19 | ERROR | stderr |     with self.capture_signals():
2026-08-19 12:29:19 | ERROR | stderr |   File "/DATA/hnc/conda_envs/llama-omni2/lib/python3.10/contextlib.py", line 142, in __exit__
2026-08-19 12:29:19 | ERROR | stderr |     next(self.gen)
2026-08-19 12:29:19 | ERROR | stderr |   File "/DATA/hnc/conda_envs/llama-omni2/lib/python3.10/site-packages/uvicorn/server.py", line 328, in capture_signals
2026-08-19 12:29:19 | ERROR | stderr |     signal.raise_signal(captured_signal)
2026-08-19 12:29:19 | ERROR | stderr | KeyboardInterrupt
